item,nom pdf,categorie,annee,mois,jour
1,1997_01_08_CP_ExpCollHepatVirales.pdf,2017025501_1997,1997,1,8
2,1997_02_00_CP_ExpCollOsteoporose.pdf,2017025501_1997,1997,2,0
3,1997_06_20_CP_NeurobioSexuMasc.pdf,2017025501_1997,1997,6,20
4,1997_10_14_CP_ExpCollGrandePremat.pdf,2017025501_1997,1997,10,14
5,1998_01_08_CP_Doublecortine_Cortex.pdf,2017025502_1998,,,
6,1998_01_27_CP_ProtectVIH_mutCCR5.pdf,2017025502_1998,,,
7,1998_02_25_CP_OrigEffSecAntibTuber.pdf,2017025502_1998,,,
8,1998_03_10_CP_ExpColFNCLCCInserm.pdf,2017025502_1998,,,
9,1998_03_16_CP_DMLA_AlleleProtect.pdf,2017025502_1998,,,
10,1998_03_26_CP_1ersignedemence.pdf,2017025502_1998,,,
11,1998_03_30_CP_TEPNouveloutilTherGen.pdf,2017025502_1998,,,
12,1998_03_30_CP_TEPunplusenTherGen.pdf,2017025502_1998,,,
13,1998_04_09_CP_ResultepidemEuCreutzJ.pdf,2017025502_1998,,,
14,1998_04_21_CP_SeminFrancoNeerAddict.pdf,2017025502_1998,,,
15,1998_05_06_CP_InnovTechnol_Inserm.pdf,2017025502_1998,,,
16,1998_06_16_CP_ExpCol_DangersEcstasy.pdf,2017025502_1998,,,
17,1998_06_23_CP_FibratAntiinflamVasc.pdf,2017025502_1998,,,
18,1998_07_07_CP_ExpCol_amiante.pdf,2017025502_1998,,,
19,1998_11_16_CP_AccCadreUnivMinInserm.pdf,2017025502_1998,,,
20,1998_12_02_CP_InternetPartagesavoir.pdf,2017025502_1998,,,
21,1998_12_11_CP_TumeurNeuroendoc.pdf,2017025502_1998,,,
22,1998_12_16_CP_ExpCollMigraines.pdf,2017025502_1998,,,
23,1999_01_13_CP_ExpCol_PlombVsSante.pdf,2017025503_1999,,,
24,1999_01_13_CP_MANDELPrixJeantet99.pdf,2017025503_1999,,,
25,1999_02_17_CP_UltrasonscancerProst.pdf,2017025503_1999,,,
26,1999_02_22_CP_DesirMasculdansCerv.pdf,2017025503_1999,,,
27,1999_04_09_CP_ExpColCarencNutrit.pdf,2017025503_1999,,,
28,1999_04_29_CP_ExpCol_Vaccinations.pdf,2017025503_1999,,,
29,1999_05_05_CP_BaisseMortCardVas.pdf,2017025503_1999,,,
30,1999_05_05_CP_ComiteorientStratValo.pdf,2017025503_1999,,,
31,1999_06_10_CP_CafeEpilepsNouveauNe.pdf,2017025503_1999,,,
32,1999_06_10_CP_Epilepsie.pdf,2017025503_1999,,,
33,1999_06_14_CP_RenforcmtIngBiomed.pdf,2017025503_1999,,,
34,1999_06_16_CP_Cellulesleucemiques.pdf,2017025503_1999,,,
35,1999_06_16_CP_InsermInseeConvCollab.pdf,2017025503_1999,,,
36,1999_06_24_CP_CreationInsermTransfert.pdf,2017025503_1999,,,
37,1999_07_22_CP_Dependrog_Nouv_trait.pdf,2017025503_1999,,,
38,1999_07_28_CP_QIbasEnf_milieuvie.pdf,2017025503_1999,,,
39,1999_09_27_CP_Cancersein_virusEB.pdf,2017025503_1999,,,
40,1999_09_29_CP_TraitmntretardCecite.pdf,2017025503_1999,,,
41,1999_10_01_CP_Gene_MalforVascCereb.pdf,2017025503_1999,,,
42,1999_10_04_CP_ExpoPhotoInserm.pdf,2017025503_1999,,,
43,1999_10_15_CP_AgentsInfect_Atherosc.pdf,2017025503_1999,,,
44,1999_10_21_CP_ExpCol_EthGlyc_Sante.pdf,2017025503_1999,,,
45,1999_11_18_CP_ClefRegulatGenome.pdf,2017025503_1999,,,
46,1999_11_24_CP_10ans_GazelCohorte.pdf,2017025503_1999,,,
47,1999_11_26_CP_PartenarInsermInVs.pdf,2017025503_1999,,,
48,2000_02_08_CP_PrixInserm2000.pdf,2017025504_2000,,,
49,2000_02_26_CP_DiminMortCardiovasc.pdf,2017025504_2000,,,
50,2000_03_01_CP_InsermauMedec.pdf,2017025504_2000,,,
51,2000_03_15_CP_LumiereVsCataracte.pdf,2017025504_2000,,,
52,2000_03_17_CP_NouveausiteInserm.pdf,2017025504_2000,,,
53,2000_03_21_CP_PrixRechMed_AMunnich.pdf,2017025504_2000,,,
54,2000_03_24_CP_AccelerateurSida.pdf,2017025504_2000,,,
55,2000_03_31_CP_AmyotrophieSpinale.pdf,2017025504_2000,,,
56,2000_04_01_CP_InsuffisanceRenale.pdf,2017025504_2000,,,
57,2000_04_27_CP_Identifneuronsommeil.pdf,2017025504_2000,,,
58,2000_04_28_CP_1erSuccesTherapGen.pdf,2017025504_2000,,,
59,2000_05_25_CP_IncontinentiaPigmenti.pdf,2017025504_2000,,,
60,2000_05_25_CP_MaladiedeParkinson.pdf,2017025504_2000,,,
61,2000_05_30_CP_NouveauDirecteurDISC.pdf,2017025504_2000,,,
62,2000_06_20_CP_ExpCol_Obesiteenfant.pdf,2017025504_2000,,,
63,2000_07_01_CP_NeuroneSoinParalysie.pdf,2017025504_2000,,,
64,2000_07_01_CP_RatParapl_NeurEmbryo.pdf,2017025504_2000,,,
65,2000_07_04_CP_AnalyseBiblioMedic.pdf,2017025504_2000,,,
66,2000_07_14_CP_HorlogCircad_Genetique.pdf,2017025504_2000,,,
67,2000_07_21_CP_EnvrntSouris_Drogue.pdf,2017025504_2000,,,
68,2000_08_04_CP_Action_Intention.pdf,2017025504_2000,,,
69,2000_09_12_CP_InegalSocial-Sante.pdf,2017025504_2000,,,
70,2000_09_25_CP_GeneMaladHeredOeil.pdf,2017025504_2000,,,
71,2000_10_03_CP_France_contracepetIVG.pdf,2017025504_2000,,,
72,2000_10_05_CP_MutatCiblees_Souris.pdf,2017025504_2000,,,
73,2000_10_10_CP_ObjectifsInserm_2001.pdf,2017025504_2000,,,
74,2000_10_12_CP_AtlanpoleConvention.pdf,2017025504_2000,,,
75,2000_10_24_CP_DioxinesVsSante.pdf,2017025504_2000,,,
76,2000_10_30_CP_Ermes_ComiteEthique.pdf,2017025504_2000,,,
77,2000_11_03_CP_Allgrove_geneAladin.pdf,2017025504_2000,,,
78,2000_11_12_CP_MyoblastTransplant.pdf,2017025504_2000,,,
79,2000_11_15_CP_ExpCol_Lombalg_Travail.pdf,2017025504_2000,,,
80,2000_11_30_CP_Huntington_1erEspoir.pdf,2017025504_2000,,,
81,2000_12_14_CP_Cerveau_Histamine.pdf,2017025504_2000,,,
82,2000_12_14_CP_Epilepsie_Dendrite.pdf,2017025504_2000,,,
83,2001_01_05_CP_IndustrieNucleaire.pdf,2017025505_2001,,,
84,2001_01_09_CP_PreventionAtheroscl.pdf,2017025505_2001,,,
85,2001_01_18_CP_AutogreffeDansCoeur.pdf,2017025505_2001,,,
86,2001_01_18_CP_AutogreffeMuscCoeur.pdf,2017025505_2001,,,
87,2001_01_26_CP_ReconstitutionPeau.pdf,2017025505_2001,,,
88,2001_02_01_CP_JeunesVsSuicide.pdf,2017025505_2001,,,
89,2001_02_13_CP_Dystrophine.pdf,2017025505_2001,,,
90,2001_02_20_CP_AddictionsenEurope.pdf,2017025505_2001,,,
91,2001_03_06_CP_Precarite_Risque.pdf,2017025505_2001,,,
92,2001_03_16_CP_Dyslexie.pdf,2017025505_2001,,,
93,2001_04_03_CP_BacteriesMutatrices.pdf,2017025505_2001,,,
94,2001_04_05_CP_Enfant_Rythmes.pdf,2017025505_2001,,,
95,2001_04_20_CP_GeneDeficitImmunit.pdf,2017025505_2001,,,
96,2001_04_24_CP_ActionVSImagination.pdf,2017025505_2001,,,
97,2001_04_28_CP_PathologiesCardiovasc.pdf,2017025505_2001,,,
98,2001_05_04_CP_AngersIBT_ERIT-M0104.pdf,2017025505_2001,,,
99,2001_06_15_CP_ProgrammeAvenir.pdf,2017025505_2001,,,
100,2001_06_19_CP_ExpCol_Santejeunes.pdf,2017025505_2001,,,
101,2001_06_25_CP_LeucémieNordCotentin.pdf,2017025505_2001,,,
102,2001_06_26_CP_Y_AGID_PrixInserm.pdf,2017025505_2001,,,
103,2001_07_12_CP_Tuberculose.pdf,2017025505_2001,,,
104,2001_08_10_CP_Hypertensarterielle.pdf,2017025505_2001,,,
105,2001_09_01_CP_Accidentsenfants.pdf,2017025505_2001,,,
106,2001_09_02_CP_SymposHepCetAssocies.pdf,2017025505_2001,,,
107,2001_09_03_CP_Hepatite_C.pdf,2017025505_2001,,,
108,2001_09_12_CP_Prionetpropagation.pdf,2017025505_2001,,,
109,2001_09_20_CP_ExpCol_Alcool_sante.pdf,2017025505_2001,,,
110,2001_10_05_CP_Apolipoproteine.pdf,2017025505_2001,,,
111,2001_11_22_CP_CannabisVsSante.pdf,2017025505_2001,,,
112,2001_11_23_CP_CreutzfeldJacob.pdf,2017025505_2001,,,
113,2001_12_14_CP_Drepanocyt_TherGen.pdf,2017025505_2001,,,
114,2002_01_15_CP_Melatonine_neurones.pdf,2017025506_2002,,,
115,2002_01_21_CP_CellulesFoetales.pdf,2017025506_2002,,,
116,2002_01_28_CP_ProzacetAVC.pdf,2017025506_2002,,,
117,2002_02_15_CP_LutteContrePaludisme.pdf,2017025506_2002,,,
118,2002_02_28_CP_HemophilieA_Traitmt.pdf,2017025506_2002,,,
119,2002_03_21_CP_CellSouchesetFutur.pdf,2017025506_2002,,,
120,2002_03_22_CP_ServeurBiblioInserm.pdf,2017025506_2002,,,
121,2002_04_04_CP_MetabolFer_hormone.pdf,2017025506_2002,,,
122,2002_04_14_CP_MaladieHirschsprung.pdf,2017025506_2002,,,
123,2002_04_22_CP_Financeetcerveau.pdf,2017025506_2002,,,
124,2002_04_23_CP_Cancer_proteines.pdf,2017025506_2002,,,
125,2002_04_29_CP_Evolution.pdf,2017025506_2002,,,
126,2002_05_13_CP_NicotineVsNeurone.pdf,2017025506_2002,,,
127,2002_05_20_CP_Neuropiline1.pdf,2017025506_2002,,,
128,2002_05_31_CP_Retine_essaiclinique.pdf,2017025506_2002,,,
129,2002_06_17_CP_ForumEu_Neurosciences.pdf,2017025506_2002,,,
130,2002_07_08_CP_CancerVsEcoleMatern.pdf,2017025506_2002,,,
131,2002_08_23_CP_Inserm_Sante_Envirnmt.pdf,2017025506_2002,,,
132,2002_09_09_CP_CancerColon.pdf,2017025506_2002,,,
133,2002_09_15_CP_RetardMent_Schizophr.pdf,2017025506_2002,,,
134,2002_09_26_CP_Osteopo_CalculsReins.pdf,2017025506_2002,,,
135,2002_10_02_CP_Point programmeAvenir.pdf,2017025506_2002,,,
136,2002_10_16_CP_InsermaFeteScience.pdf,2017025506_2002,,,
137,2002_10_17_CP_DiabeteType1.pdf,2017025506_2002,,,
138,2002_10_25_CP_TOC_electrostimCerebr.pdf,2017025506_2002,,,
139,2002_10_30_CP_TraitemtTumeurEwing.pdf,2017025506_2002,,,
140,2002_11_18_CP_CongrMondProteomique.pdf,2017025506_2002,,,
141,2002_11_19_CP_RDVSanteInserm.pdf,2017025506_2002,,,
142,2002_11_27_CP_GeneRetardmental.pdf,2017025506_2002,,,
143,2002_12_04_CP_GenesLongevite.pdf,2017025506_2002,,,
144,2002_12_05_CP_CerveaubebevuparIRM.pdf,2017025506_2002,,,
145,2002_12_10_CP_RDVsanteInserm2003_01.pdf,2017025506_2002,,,
146,2002_12_12_CP_SympathieEtNeurones.pdf,2017025506_2002,,,
147,2002_12_16_CP_CapronM_PrixInserm2002.pdf,2017025506_2002,,,
148,2002_12_18_CP_AccordCadre_InsermCnrs.pdf,2017025506_2002,,,
149,2003_01_23_CP_RDVSante_RechClin.pdf,2017025507_2003,,,
150,2003_02_03_CP_troublesrythmeCoeur.pdf,2017025507_2003,,,
151,2003_02_10_CP_GeneLepreHumaine.pdf,2017025507_2003,,,
152,2003_02_25_CP_ExpCol_AlcooletConseq.pdf,2017025507_2003,,,
153,2003_03_10_CP_LymphociteT_Intestin.pdf,2017025507_2003,,,
154,2003_03_17_CP_GeneSyndromeOndine.pdf,2017025507_2003,,,
155,2003_03_18_CP_MortSupecteBébés.pdf,2017025507_2003,,,
156,2003_03_19_CP_AmyotroSpin_depistage.pdf,2017025507_2003,,,
157,2003_03_31_CP_Autisme_2genes.pdf,2017025507_2003,,,
158,2003_04_07_CP_AVC_rigiditeArteres.pdf,2017025507_2003,,,
159,2003_04_08_CP_Diabete_rechercheInterna.pdf,2017025507_2003,,,
160,2003_04_16_CP_Progeria_identifgene.pdf,2017025507_2003,,,
161,2003_04_22_CP_HepcidineVsFer.pdf,2017025507_2003,,,
162,2003_04_24_CP_DiabeteLipodystroph.pdf,2017025507_2003,,,
163,2003_04_29_CP_Biobanques.pdf,2017025507_2003,,,
164,2003_05_01_CP_ProteineAKTetTumeur.pdf,2017025507_2003,,,
165,2003_05_05_CP_Hypercholesterolemie.pdf,2017025507_2003,,,
166,2003_05_12_CP_CellulesSouchesmuscul.pdf,2017025507_2003,,,
167,2003_05_15_CP_Parkinson_traitement.pdf,2017025507_2003,,,
168,2003_05_19_CP_INMED_LuminyetInserm.pdf,2017025507_2003,,,
169,2003_05_27_CP_AdultesVsNicotine.pdf,2017025507_2003,,,
170,2003_05_27_CP_DebutTrtmntDependCoca.pdf,2017025507_2003,,,
171,2003_05_27_CP_TraitmntDependCocaïne.pdf,2017025507_2003,,,
172,2003_05_28_CP_DiabeteType1VsType2.pdf,2017025507_2003,,,
173,2003_06_02_CP_AmyotroSpin_TherapGen.pdf,2017025507_2003,,,
174,2003_06_05_CP_ARECA_HepatC_Cancer.pdf,2017025507_2003,,,
175,2003_06_19_CP_CancProst_ultrasons.pdf,2017025507_2003,,,
176,2003_06_20_CP_EditEtudeSUVIMAX.pdf,2017025507_2003,,,
177,2003_06_23_CP_Nonlieu_DrBihain.pdf,2017025507_2003,,,
178,2003_06_26_CP_ExpCol_HepC_hopital.pdf,2017025507_2003,,,
179,2003_06_30_CP_RoleDystrophineDp71.pdf,2017025507_2003,,,
180,2003_07_10_CP_HommageInsermJDausset.pdf,2017025507_2003,,,
181,2003_08_06_CP_PatchTSHetThrombVein.pdf,2017025507_2003,,,
182,2003_08_28_CP_EtudeVieillismtPopul.pdf,2017025507_2003,,,
183,2003_08_28_CP_Valoris_Transf_Jour2.pdf,2017025507_2003,,,
184,2003_09_15_CP_PrixIEEEE_ChristianRoux.pdf,2017025507_2003,,,
185,2003_09_25_CP_ CellulDendr_antigene.pdf,2017025507_2003,,,
186,2003_09_25_CP_Caniculeetmortalite.pdf,2017025507_2003,,,
187,2003_10_08_CP_Inserm_AssocMalades.pdf,2017025507_2003,,,
188,2003_10_09_CP_FeteScience2003.pdf,2017025507_2003,,,
189,2003_10_09_CP_FeteScience_Polesante.pdf,2017025507_2003,,,
190,2003_10_09_CP_RadioFr_DebatsurLaVie.pdf,2017025507_2003,,,
191,2003_10_16_CP_SynapseVuparNanotech.pdf,2017025507_2003,,,
192,2003_10_16_CP_Synapse_MilliardMetre.pdf,2017025507_2003,,,
193,2003_10_20_CP_Inserm_26NouvLabosIDF.pdf,2017025507_2003,,,
194,2003_10_21_CP_ProcessCervDesirSexMasc.pdf,2017025507_2003,,,
195,2003_10_23_CP_ComiteEthiq_SteCivile.pdf,2017025507_2003,,,
196,2003_10_27_CP_CafeSanteVsNutrition.pdf,2017025507_2003,,,
197,2003_10_27_CP_CellsouchesSangHomme.pdf,2017025507_2003,,,
198,2003_10_28_CP_Parkinson_stimulcerebr.pdf,2017025507_2003,,,
199,2003_11_12_CP_LymphocTueursCellulTumor.pdf,2017025507_2003,,,
200,2003_11_14_CP_HTLV_RetrovirHumain.pdf,2017025507_2003,,,
201,2003_11_18_CP_Epilep_CircuitDecrypte.pdf,2017025507_2003,,,
202,2003_11_19_CP_Inserm_SoutienIECB.pdf,2017025507_2003,,,
203,2003_11_20_CP_DiagnosticPrenatal.pdf,2017025507_2003,,,
204,2003_11_25_CP_Troublesmemoire_Age.pdf,2017025507_2003,,,
205,2003_11_25_CP__Neurogen_Age_Memoire.pdf,2017025507_2003,,,
206,2003_12_08_CP_MaladieduGreffon.pdf,2017025507_2003,,,
207,2003_12_09_CP_NeuropepEtAliments.pdf,2017025507_2003,,,
208,2003_12_18_CP_InsermReunit10paysEU.pdf,2017025507_2003,,,
209,2004_01_20_CP_JeuneSuicideHospit.pdf,2017025508_2004,,,
210,2004_01_26_CP_Lepre_2genesimpliques.pdf,2017025508_2004,,,
211,2004_01_27_CP_Inserm_Budget2004.pdf,2017025508_2004,,,
212,2004_02_03_CP_TherCell_TissuAdipeux.pdf,2017025508_2004,,,
213,2004_02_09_CP_VirNipahPasteurInserm.pdf,2017025508_2004,,,
214,2004_02_10_CP_JeunesseVsTabagisme.pdf,2017025508_2004,,,
215,2004_02_20_CP_FievreValleeduRift.pdf,2017025508_2004,,,
216,2004_02_26_CP_ExpCol_Psychoterapies.pdf,2017025508_2004,,,
217,2004_03_01_CP_NouvelleGeneraNeuron.pdf,2017025508_2004,,,
218,2004_03_10_CP_SqueletteIntracellul.pdf,2017025508_2004,,,
219,2004_03_11_CP_Omega3_TraitmtTumeurs.pdf,2017025508_2004,,,
220,2004_03_16_CP_InsermPresentMedec.pdf,2017025508_2004,,,
221,2004_03_22_CP_ImagCerebr_Psychiatrie.pdf,2017025508_2004,,,
222,2004_03_30_CP_HLeridon_PrixUIESP.pdf,2017025508_2004,,,
223,2004_04_01_CP_MaladCharcotMT_VitamC.pdf,2017025508_2004,,,
224,2004_04_05_CP_TraitmtCancercerveau.pdf,2017025508_2004,,,
225,2004_04_06_CP_DiagnosprecoceAlzheim.pdf,2017025508_2004,,,
226,2004_04_07_CP_ColloqueConseilScient.pdf,2017025508_2004,,,
227,2004_04_09_CP_EnqueteGrandspremat.pdf,2017025508_2004,,,
228,2004_04_14_CP_EnqESPAD_DrogueEcole.pdf,2017025508_2004,,,
229,2004_04_19_CP_ForumInternatBioeth.pdf,2017025508_2004,,,
230,2004_04_20_CP_CellDendritVsSida.pdf,2017025508_2004,,,
231,2004_04_30_CP_InauguLaboFrancoBelge.pdf,2017025508_2004,,,
232,2004_04_30_CP_SyndromeCoffinLowry.pdf,2017025508_2004,,,
233,2004_05_03_CP_RolecoeurSurGraisse.pdf,2017025508_2004,,,
234,2004_05_04_CP_Diabete_Insul_Pancr.pdf,2017025508_2004,,,
235,2004_05_06_CP_ExpCol2_CannabisSante.pdf,2017025508_2004,,,
236,2004_05_06_CP_Tours_inaug2unites.pdf,2017025508_2004,,,
237,2004_05_07_CP_3000emegreffeRein.pdf,2017025508_2004,,,
238,2004_05_10_CP_HommagePrfAMinkowski.pdf,2017025508_2004,,,
239,2004_05_10_CP_MaladCardiov_ReseauEu.pdf,2017025508_2004,,,
240,2004_05_12_CP_Cancerfoie_reperage.pdf,2017025508_2004,,,
241,2004_05_17_CP_Hemochromat_GenesResp.pdf,2017025508_2004,,,
242,2004_06_01_CP_DecesChBonnerot.pdf,2017025508_2004,,,
243,2004_06_02_CP_31eCongresEu_TissuOs.pdf,2017025508_2004,,,
244,2004_06_02_CP_CongresTissusOsseux.pdf,2017025508_2004,,,
245,2004_06_02_CP_Prion_Hautepression.pdf,2017025508_2004,,,
246,2004_06_03_CP_TransplCellpancr_Diab.pdf,2017025508_2004,,,
247,2004_06_07_CP_CreationInstitutThorax.pdf,2017025508_2004,,,
248,2004_06_08_CP_InsermdansRecherchEu.pdf,2017025508_2004,,,
249,2004_06_10_CP_FrançaisVsCodeRoute.pdf,2017025508_2004,,,
250,2004_06_16_CP_Dopamine_Plastcerveau.pdf,2017025508_2004,,,
251,2004_06_17_CP_AideMedProcr_Fertil.pdf,2017025508_2004,,,
252,2004_06_22_CP_VIRGILVsResistMedic.pdf,2017025508_2004,,,
253,2004_06_28_CP_PartenGroupamaInserm.pdf,2017025508_2004,,,
254,2004_06_28_CP_PisteTherapRetinPigm.pdf,2017025508_2004,,,
255,2004_07_05_CP_MaladieHuntington.pdf,2017025508_2004,,,
256,2004_07_09_CP_GuerreGolfe_RapSalamon.pdf,2017025508_2004,,,
257,2004_07_22_CP_Epileps_cibletherapeu.pdf,2017025508_2004,,,
258,2004_07_29_CP_AvanceeTherapGen.pdf,2017025508_2004,,,
259,2004_08_06_CP_GIS_EvaluEpidemMedicam.pdf,2017025508_2004,,,
260,2004_08_11_CP_AddictDrogue_RatHomme.pdf,2017025508_2004,,,
261,2004_08_16_CP_DetectionDopageGenet.pdf,2017025508_2004,,,
262,2004_08_19_CP_AutismeEtVoixhumaine.pdf,2017025508_2004,,,
263,2004_09_02_CP_MelanomepistesTherap.pdf,2017025508_2004,,,
264,2004_09_03_CP_InaugurationInmed.pdf,2017025508_2004,,,
265,2004_09_17_CP_TumeurEwing_1geneCle.pdf,2017025508_2004,,,
266,2004_09_21_CP_ExpCol_HandicPerinat.pdf,2017025508_2004,,,
267,2004_09_22_CP_GrossesseExtraUter.pdf,2017025508_2004,,,
268,2004_09_23_CP_CollaborInserm_AFSSE.pdf,2017025508_2004,,,
269,2004_09_23_CP_ParkinsonVsduplicGene.pdf,2017025508_2004,,,
270,2004_09_29_CP_Legionel_Etude2souches.pdf,2017025508_2004,,,
271,2004_10_04_CP_DecesJBenveniste.pdf,2017025508_2004,,,
272,2004_10_07_CP_FeteScience_Biotechno.pdf,2017025508_2004,,,
273,2004_10_11_CP_IchtyoseVs5emeGene.pdf,2017025508_2004,,,
274,2004_10_13_CP_HorlogeBiolog_Mouche.pdf,2017025508_2004,,,
275,2004_10_15_CP_Indiens_arithmetique.pdf,2017025508_2004,,,
276,2004_10_18_CP_MaladAutoimunGeneclas3.pdf,2017025508_2004,,,
277,2004_10_19_CP_JourneesBiotechPACA.pdf,2017025508_2004,,,
278,2004_10_20_CP_DivorceVsAccidRoute.pdf,2017025508_2004,,,
279,2004_10_21_CP_TechnoScient_Internet.pdf,2017025508_2004,,,
280,2004_10_22_CP_Tuberculose.pdf,2017025508_2004,,,
281,2004_10_24_CP_Canicule2003_Volet2.pdf,2017025508_2004,,,
282,2004_10_26_CP_Netrine_CroissCell.pdf,2017025508_2004,,,
283,2004_11_04_CP_Obesite.pdf,2017025508_2004,,,
284,2004_11_15_CP_NouvThematiqueInserm.pdf,2017025508_2004,,,
285,2004_11_17_CP_RencontreAssocMalades.pdf,2017025508_2004,,,
286,2004_11_18_CP_InsermauSalonEducat.pdf,2017025508_2004,,,
287,2004_11_18_CP_THSRisquesCancersein.pdf,2017025508_2004,,,
288,2004_11_23_CP_Tuberculose_Vaccinat.pdf,2017025508_2004,,,
289,2004_11_24_CP_VacHepBetSclerPlaq.pdf,2017025508_2004,,,
290,2004_11_26_CP_PrixRech04_FEustache.pdf,2017025508_2004,,,
291,2004_12_06_CP_PrixInserm2004.pdf,2017025508_2004,,,
292,2004_12_09_CP_1erjoursVie_Cerveau.pdf,2017025508_2004,,,
293,2004_12_09_CP_JeunesEtSexualite.pdf,2017025508_2004,,,
294,2004_12_15_CP-SubstPsychoac_16ans.pdf,2017025508_2004,,,
295,2004_12_16_CP_MetastasesOsseuses.pdf,2017025508_2004,,,
296,2005_02_10_CP_MCM8_POuvertADN-Copie.pdf,2017025508_2004,,,
297,2005_01_04_CP_Duo_AirFranceInserm.pdf,2017025509_2005,,,
298,2005_01_10_CP_InsermT_9contratsEU.pdf,2017025509_2005,,,
299,2005_01_11_CP_JourneeRechclinCHU.pdf,2017025509_2005,,,
300,2005_01_12_CP_Inaug3labosUHPInserm.pdf,2017025509_2005,,,
301,2005_01_17_CP_canceruterus-vaccin.pdf,2017025509_2005,,,
302,2005_01_25_CP_BettencSchuellerVsInserm.pdf,2017025509_2005,,,
303,2005_01_25_CP_BettSchuellerVsInserm.pdf,2017025509_2005,,,
304,2005_01_27_CP_Afr_Eu_EthEtRechMed.pdf,2017025509_2005,,,
305,2005_01_27_CP_TraitmtObesi_NouvPiste.pdf,2017025509_2005,,,
306,2005_01_31_CP_ArmeUniv_tumeur.pdf,2017025509_2005,,,
307,2005_02_01_CP_Cancer_nouvApproche.pdf,2017025509_2005,,,
308,2005_02_04_CP_CellSouch_MaladRespi.pdf,2017025509_2005,,,
309,2005_02_07_CP_CancColorect_depist.pdf,2017025509_2005,,,
310,2005_02_09_CP_TumCereb_AccelRecherche.pdf,2017025509_2005,,,
311,2005_02_10_CP_Proteine_RecopieADN.pdf,2017025509_2005,,,
312,2005_02_11_CP_NaissanceVieMortBacterie.pdf,2017025509_2005,,,
313,2005_02_11_CP_VieNaisMortBacterie.pdf,2017025509_2005,,,
314,2005_02_14_CP_ColloqueMILDTInserm.pdf,2017025509_2005,,,
315,2005_02_14_CP_EctasyVsFoetus.pdf,2017025509_2005,,,
316,2005_02_16_CP_PrixJSahel_TLeveillard.pdf,2017025509_2005,,,
317,2005_02_18_CP_Ozone_infarctMyocarde.pdf,2017025509_2005,,,
318,2005_02_22_CP_MortCellule_HorlogeBiol.pdf,2017025509_2005,,,
319,2005_02_24_CP_VirulbacterVsVariance.pdf,2017025509_2005,,,
320,2005_02_25_CP_CafeSanteInserm.pdf,2017025509_2005,,,
321,2005_02_28_CP_CancerVsproteines.pdf,2017025509_2005,,,
322,2005_03_01_CP_TraitmtAtrophmuscul.pdf,2017025509_2005,,,
323,2005_03_04_CP_HormCroiss_ExptInternat.pdf,2017025509_2005,,,
324,2005_03_07_CP_ImagerieMedicale.pdf,2017025509_2005,,,
325,2005_03_14_CP_NouveauSiteInserm.pdf,2017025509_2005,,,
326,2005_03_17_CP_ExpColl_Suicide.pdf,2017025509_2005,,,
327,2005_03_17_CP_Inserm_SalonLivre2005.pdf,2017025509_2005,,,
328,2005_03_21_CP_Inaug1ereUniteCanada.pdf,2017025509_2005,,,
329,2005_03_22_CP_LibreaccesResultRech.pdf,2017025509_2005,,,
330,2005_03_25_CP_IGRInsermRenfortParten.pdf,2017025509_2005,,,
331,2005_03_29_CP_ResveratroletNeuron.pdf,2017025509_2005,,,
332,2005_04_05_CP_ExpCol_Can_Environ.pdf,2017025509_2005,,,
333,2005_04_07_CP_AnticoagVsGenotype.pdf,2017025509_2005,,,
334,2005_04_12_CP_MalCrohnetRectocHemor.pdf,2017025509_2005,,,
335,2005_04_14_CP_MalCrohn_traitement.pdf,2017025509_2005,,,
336,2005_04_18_CP_Eurohear_SurditeGenet.pdf,2017025509_2005,,,
337,2005_04_19_CP_Angiogen_Cancer_Coeur.pdf,2017025509_2005,,,
338,2005_04_19_CP_NvxNes_infections.pdf,2017025509_2005,,,
339,2005_04_20_CP_Agehomme_FausseCouche.pdf,2017025509_2005,,,
340,2005_04_21_CP_NeurotoxEtTherapie.pdf,2017025509_2005,,,
341,2005_04_25_CP_Dengue_inegaliteGenetiq.pdf,2017025509_2005,,,
342,2005_04_29_CP_CellulesAdip_Souches.pdf,2017025509_2005,,,
343,2005_04_29_CP_CellulesAdip_Therapie.pdf,2017025509_2005,,,
344,2005_05_03_CP_Opiaces_liensmatern.pdf,2017025509_2005,,,
345,2005_05_04_CP_AVC_AmeliorTraitement.pdf,2017025509_2005,,,
346,2005_05_11_CP_Coeur_Mortsubite.pdf,2017025509_2005,,,
347,2005_05_16_CP_SensMots_Inconscient.pdf,2017025509_2005,,,
348,2005_05_18_CP_JourneeInternRechClin.pdf,2017025509_2005,,,
349,2005_05_25_CP_InaugurCIC_ClermontF.pdf,2017025509_2005,,,
350,2005_05_30_CP_1ersalonEurRechInnov.pdf,2017025509_2005,,,
351,2005_06_01_CP_FormationAssocMalade.pdf,2017025509_2005,,,
352,2005_06_09_CP_Aldosterone_recepteur.pdf,2017025509_2005,,,
353,2005_06_13_CP_CancColorec_Alimentat.pdf,2017025509_2005,,,
354,2005_06_18_CP_Cannab_Dangerfoetus.pdf,2017025509_2005,,,
355,2005_06_23_CP_Diabete1_Traitement.pdf,2017025509_2005,,,
356,2005_07_08_CP_Inserm_4laureatsHHMI.pdf,2017025509_2005,,,
357,2005_07_13_CP_OrganisatMembranCell.pdf,2017025509_2005,,,
358,2005_07_26_CP_PrevVIH_Circoncision.pdf,2017025509_2005,,,
359,2005_08_01_CP_Deprimes_AccelCerv.pdf,2017025509_2005,,,
360,2005_08_03_CP_GrippeAvi_PlanAnticip.pdf,2017025509_2005,,,
361,2005_08_23_CP_Prix Euryi_cherchInserm.pdf,2017025509_2005,,,
362,2005_08_24_CP_GreffRein_AmelioFonct.pdf,2017025509_2005,,,
363,2005_08_26_CP_RythmesCircadetGenes.pdf,2017025509_2005,,,
364,2005_08_31_CP_AmnioInfus-0Resultat.pdf,2017025509_2005,,,
365,2005_09_02_CP_SyndromeSilverRussel.pdf,2017025509_2005,,,
366,2005_09_05_CP_PointalcoolAlcoolisme.pdf,2017025509_2005,,,
367,2005_09_06_CP_PresArter_LesionCerebr.pdf,2017025509_2005,,,
368,2005_09_07_CP_PaludismeVsPlanteAsie.pdf,2017025509_2005,,,
369,2005_09_08_CP_InsermActuenLigne.pdf,2017025509_2005,,,
370,2005_09_20_CP_BetaCarotVsCancers.pdf,2017025509_2005,,,
371,2005_09_22_CP_ExpCol_TroubleEnfAdo.pdf,2017025509_2005,,,
372,2005_09_23_CP_Ipsen_CollabInsermCea.pdf,2017025509_2005,,,
373,2005_09_27_CP_Mucovis _FinDepistGene.pdf,2017025509_2005,,,
374,2005_09_29_CP_ImpactInsermRechEu.pdf,2017025509_2005,,,
375,2005_09_29_CP_PlaceInsermClasmtEu.pdf,2017025509_2005,,,
376,2005_10_07_CP_CellTueusecontrePalu.pdf,2017025509_2005,,,
377,2005_10_10_CP_InsermTeteReseauEthi.pdf,2017025509_2005,,,
378,2005_10_12_CP_MortSupecteNourriss.pdf,2017025509_2005,,,
379,2005_10_14_CP_PrixInserm2005.pdf,2017025509_2005,,,
380,2005_10_18_CP_ReunReseauEuCascade.pdf,2017025509_2005,,,
381,2005_10_20_CP_MyopatCongen_Gene.pdf,2017025509_2005,,,
382,2005_11_02_CP_BilanAppelProjetsANR.pdf,2017025509_2005,,,
383,2005_11_09_CP_Proteines_CoupeFaim.pdf,2017025509_2005,,,
384,2005_11_14_CP_RencInsermAssocMalad.pdf,2017025509_2005,,,
385,2005_11_15_CP_TermSciences_siteWeb.pdf,2017025509_2005,,,
386,2005_11_17_CP_ProducScientdesCHU.pdf,2017025509_2005,,,
387,2005_11_18_CP_ProjetPoleSantePubIDF.pdf,2017025509_2005,,,
388,2005_11_21_CP_Lille_BiotechInserm.pdf,2017025509_2005,,,
389,2005_11_25_CP_SystImmun_NouvVoie.pdf,2017025509_2005,,,
390,2005_11_29_CP_ConfEu_TherGenEtcell.pdf,2017025509_2005,,,
391,2005_12_01_CP_Macrophage_CellDendr.pdf,2017025509_2005,,,
392,2005_12_06_CP_MelanoMetast_Soins.pdf,2017025509_2005,,,
393,2005_12_08_CP_Nantes_CentreRechCanc.pdf,2017025509_2005,,,
394,2005_12_08_CP_Soin_Contextesocial.pdf,2017025509_2005,,,
395,2005_12_15_CP_PathOculaire_TherGen.pdf,2017025509_2005,,,
396,2005_12_22_CP_CancerColorectal.pdf,2017025509_2005,,,
397,2006_01_05_CP_InaugurationICELyon.pdf,2017025510_2006,,,
398,2006_01_09_CP_AcidBiliaire_Obesite.pdf,2017025510_2006,,,
399,2006_01_17_CP_InsermForumISCF.pdf,2017025510_2006,,,
400,2006_01_20_CP_ActivPhysetCancsein.pdf,2017025510_2006,,,
401,2006_01_24_CP_Inserm_charteEucherch.pdf,2017025510_2006,,,
402,2006_01_25_CP_Parkinson_AfriqNord.pdf,2017025510_2006,,,
403,2006_01_26_CP_Lab_InsermRikenInsa.pdf,2017025510_2006,,,
404,2006_02_07_CP_Atheroscl_Vs_immunite.pdf,2017025510_2006,,,
405,2006_02_07_CP_EffetdesAnticholiner.pdf,2017025510_2006,,,
406,2006_02_08_CP_InsermCoordProjRescue.pdf,2017025510_2006,,,
407,2006_02_16_CP_ExpCol_Apprentissage.pdf,2017025510_2006,,,
408,2006_02_22_CP_ScenarioMaladieAutoIm.pdf,2017025510_2006,,,
409,2006_02_23_CP_1erobservatORLenfant.pdf,2017025510_2006,,,
410,2006_02_23_CP_ExpCol_Comportements.pdf,2017025510_2006,,,
411,2006_02_23_CP_Hivernale_SurveilORL.pdf,2017025510_2006,,,
412,2006_03_02_CP_AccordCadreINCaInserm.pdf,2017025510_2006,,,
413,2006_03_13_CP_Orphanet_Journal.pdf,2017025510_2006,,,
414,2006_03_14_CP_InsermauMedec.pdf,2017025510_2006,,,
415,2006_03_16_CP_1erCICdeVaccinologie.pdf,2017025510_2006,,,
416,2006_03_16_CP_LipidomeVsCancersein.pdf,2017025510_2006,,,
417,2006_03_17_CP_VirusCerveaucernes.pdf,2017025510_2006,,,
418,2006_03_20_CP_InsermIRD_grippeAvi.pdf,2017025510_2006,,,
419,2006_03_21_CP_MeetingToulouseCanc.pdf,2017025510_2006,,,
420,2006_03_31_CP_SexologieEu_diverg.pdf,2017025510_2006,,,
421,2006_04_03_CP_MaladieNeurodegenerat.pdf,2017025510_2006,,,
422,2006_04_06_CP_hemochrom_hepcidine.pdf,2017025510_2006,,,
423,2006_04_10_CP_Huntington_EssaiClin.pdf,2017025510_2006,,,
424,2006_04_10_CP_Tchernobyl_CancThyro.pdf,2017025510_2006,,,
425,2006_04_11_CP_MortCellTumor_Cannab.pdf,2017025510_2006,,,
426,2006_04_13_CP_UropathieObstructive.pdf,2017025510_2006,,,
427,2006_04_19_CP_ExpCol_Canc_Longterme.pdf,2017025510_2006,,,
428,2006_04_20_CP_LectureCultureCerveau.pdf,2017025510_2006,,,
429,2006_04_24_CP_IdentifGenHommePierre.pdf,2017025510_2006,,,
430,2006_04_25_CP_AccesConsc_Sensmots.pdf,2017025510_2006,,,
431,2006_04_25_CP_ExplicatPharmaDepend.pdf,2017025510_2006,,,
432,2006_04_28_CP_InsermInVS_chikungun.pdf,2017025510_2006,,,
433,2006_05_03_CP_2001_4000DecesHepBC.pdf,2017025510_2006,,,
434,2006_05_05_CP_ImagMed_InsermINRIA.pdf,2017025510_2006,,,
435,2006_05_16_CP_20mai_JourInternRClin.pdf,2017025510_2006,,,
436,2006_05_18_CP_CellGliales_ComCereb.pdf,2017025510_2006,,,
437,2006_05_23_CP_Cirrh_NouvpisteTrait.pdf,2017025510_2006,,,
438,2006_05_25_CP_HeredParticChezSouris.pdf,2017025510_2006,,,
439,2006_06_06_CP_Inserm_SalonRechInnov.pdf,2017025510_2006,,,
440,2006_06_08_CP_JetLag_anesthesGener.pdf,2017025510_2006,,,
441,2006_06_12_CP_ExpCol_EstherGlycol.pdf,2017025510_2006,,,
442,2006_06_12_CP_PrixJLMartinetJSahel.pdf,2017025510_2006,,,
443,2006_06_15_CP_Actes_Mots_1ZoneCerv.pdf,2017025510_2006,,,
444,2006_06_21_CP_Caroteno_maladieOeil.pdf,2017025510_2006,,,
445,2006_06_22_CP_DormirouConduire.pdf,2017025510_2006,,,
446,2006_06_30_CP_TremblEssent_1Gene.pdf,2017025510_2006,,,
447,2006_07_03_CP_SymposHepVirEtMalFoie.pdf,2017025510_2006,,,
448,2006_07_07_CP_VaccinNasal_CoquelBebe.pdf,2017025510_2006,,,
449,2006_07_10_CP_EpidemioFertiliFrance.pdf,2017025510_2006,,,
450,2006_07_11_CP_PrevVIH_Circoncision.pdf,2017025510_2006,,,
451,2006_08_03_CP_GeneNouveauDiabete.pdf,2017025510_2006,,,
452,2006_08_17_CP_CancColorec_Depistage.pdf,2017025510_2006,,,
453,2006_08_23_CP_VIH_ControleInfection.pdf,2017025510_2006,,,
454,2006_09_06_CP_CervNourriss_langage.pdf,2017025510_2006,,,
455,2006_09_06_CP_ExpCol_Deficitaudit.pdf,2017025510_2006,,,
456,2006_09_13_CP_EncephalHerpeVsGenet.pdf,2017025510_2006,,,
457,2006_09_15_CP_DepistPrenatMucovisci.pdf,2017025510_2006,,,
458,2006_09_18_CP_Eulabor_1erRapport.pdf,2017025510_2006,,,
459,2006_09_18_CP_TechnionInsermLaborat.pdf,2017025510_2006,,,
460,2006_09_25_CP_DyslexieEu_Neurodys.pdf,2017025510_2006,,,
461,2006_09_27_CP_Deinococcus_Resurrec.pdf,2017025510_2006,,,
462,2006_09_28_CP_CancColorec_reacImmun.pdf,2017025510_2006,,,
463,2006_10_05_CP_AmauroseCongenitale.pdf,2017025510_2006,,,
464,2006_10_06_CP_Medecin_Patients.pdf,2017025510_2006,,,
465,2006_10_09_CP_IMCVsFonctionsCognit.pdf,2017025510_2006,,,
466,2006_10_09_CP_Plateforme_Sciences.pdf,2017025510_2006,,,
467,2006_10_09_CP_Sante_TravailEnvironn.pdf,2017025510_2006,,,
468,2006_10_12_CP_ReunSocEuNeuropsycho.pdf,2017025510_2006,,,
469,2006_10_17_CP_PrixInserm2006.pdf,2017025510_2006,,,
470,2006_10_19_CP_GeneNeuropat_Audition.pdf,2017025510_2006,,,
471,2006_10_25_CP_Medicmts_CancProstate.pdf,2017025510_2006,,,
472,2006_11_02_CP_ComportSexuel_Monde.pdf,2017025510_2006,,,
473,2006_11_06_CP_SyndrLymphoproliferat.pdf,2017025510_2006,,,
474,2006_11_09_CP_TraitPersonnaliseCanc.pdf,2017025510_2006,,,
475,2006_11_10_CP_CentreRechBordeaux.pdf,2017025510_2006,,,
476,2006_11_14_CP_ComportSexMonde_2.pdf,2017025510_2006,,,
477,2006_11_15_CP_RythCardBas_AllongVie.pdf,2017025510_2006,,,
478,2006_11_26_CP_ResRechEu_Infertilite.pdf,2017025510_2006,,,
479,2006_11_28_CP_Neuroimag_AlcoolCerv.pdf,2017025510_2006,,,
480,2006_12_01_CP_InsermObservLoiFrance.pdf,2017025510_2006,,,
481,2006_12_11_CP_IntestinsetShigella.pdf,2017025510_2006,,,
482,2006_12_11_CP_Probiot_TraitmentIntest.pdf,2017025510_2006,,,
483,2006_12_12_CP_1ereBourseRecherche.pdf,2017025510_2006,,,
484,2006_12_13_CP_EthiqueRechBiomAfrique.pdf,2017025510_2006,,,
485,2006_12_13_CP_SanteFranciliens.pdf,2017025510_2006,,,
486,2006_12_15_CP_PreparFoetusAccouch.pdf,2017025510_2006,,,
487,2007_01_19_CP_RechInfoSanteInternet.pdf,2017025511_2007,,,
488,2007_01_22_CP_3Labos_PrixFondBetten.pdf,2017025511_2007,,,
489,2007_01_22_CP_DepistageTrisomie21.pdf,2017025511_2007,,,
490,2007_01_23_CP_GripAvi_ScenariPandemie.pdf,2017025511_2007,,,
491,2007_01_31_CP_ProjetEuMyoamp.pdf,2017025511_2007,,,
492,2007_02_01_CP_4eJourInserm_AssocMal.pdf,2017025511_2007,,,
493,2007_02_12_CP_MemoireVsHippocampe.pdf,2017025511_2007,,,
494,2007_02_13_CP_NaissanceIReSP.pdf,2017025511_2007,,,
495,2007_02_15_CP_Orphanet_10ans.pdf,2017025511_2007,,,
496,2007_02_16_CP_ExpCol_Troublesapprentisage.pdf,2017025511_2007,,,
497,2007_02_17_CP_LancementMOSAR.pdf,2017025511_2007,,,
498,2007_02_21_CP_Bisphos_SoinMetasSein.pdf,2017025511_2007,,,
499,2007_02_21_CP_Menopause_TraitmtHorm.pdf,2017025511_2007,,,
500,2007_02_22_CP_Autisme_anomalGenet.pdf,2017025511_2007,,,
501,2007_02_26_CP_ClefFertitiliteMascul.pdf,2017025511_2007,,,
502,2007_02_26_CP_ParaplegieSpastique.pdf,2017025511_2007,,,
503,2007_02_27_CP_EpilepsieVsEnzyme.pdf,2017025511_2007,,,
504,2007_02_27_CP_Salive_ulcereBuruli.pdf,2017025511_2007,,,
505,2007_03_06_CP_LocomotVsSalamandre.pdf,2017025511_2007,,,
506,2007_03_09_CP_Prix_Kroemer_Apoptose.pdf,2017025511_2007,,,
507,2007_03_12_CP_InsermauMedec2007.pdf,2017025511_2007,,,
508,2007_03_13_CP_1erResultEnqueteCSF.pdf,2017025511_2007,,,
509,2007_03_13_CP_ComportmtSexFrance.pdf,2017025511_2007,,,
510,2007_03_14_CP_Inserm_ProjEuCellSouc.pdf,2017025511_2007,,,
511,2007_03_20_CP_Yeux_PerceptNonVisu.pdf,2017025511_2007,,,
512,2007_03_22_CP_Deces_Ete2003Eu.pdf,2017025511_2007,,,
513,2007_03_28_CP_MaladieCharcotCMT4H.pdf,2017025511_2007,,,
514,2007_03_30_CP_Mucovi_Nvlleapproche.pdf,2017025511_2007,,,
515,2007_04_02_CP_CertifDecesElectron.pdf,2017025511_2007,,,
516,2007_04_05_CP_Gene_Liposarcome.pdf,2017025511_2007,,,
517,2007_04_05_CP_Progest_Menop_CancSein.pdf,2017025511_2007,,,
518,2007_04_10_CP_Sida_CellulStopVirus.pdf,2017025511_2007,,,
519,2007_04_10_CP_SyndromeRett_pharmaco.pdf,2017025511_2007,,,
520,2007_04_16_CP_CarotenoidesVsCerveau.pdf,2017025511_2007,,,
521,2007_04_18_CP_Bandelette_Diarrhee.pdf,2017025511_2007,,,
522,2007_04_18_CP_MonoxydeAzote_Humeur.pdf,2017025511_2007,,,
523,2007_05_03_CP_AllergEnfantVsPollution.pdf,2017025511_2007,,,
524,2007_05_03_CP_Canicule2006_Mortalite.pdf,2017025511_2007,,,
525,2007_05_04_CP_TumeurEwing_Origine.pdf,2017025511_2007,,,
526,2007_05_07_CP_SommeilVsHorlogeBiol.pdf,2017025511_2007,,,
527,2007_05_14_CP_AtaxiedeFriedreich.pdf,2017025511_2007,,,
528,2007_05_16_CP_SymposiumVIRGIL2007.pdf,2017025511_2007,,,
529,2007_05_29_CP_Diabete1_therapPreven.pdf,2017025511_2007,,,
530,2007_06_05_CP_2anticorps_CancPancr.pdf,2017025511_2007,,,
531,2007_06_07_CP_CentreCerv_Comprtmnt.pdf,2017025511_2007,,,
532,2007_06_12_CP_CellSouch_EquipeFr.pdf,2017025511_2007,,,
533,2007_06_18_CP_CroissCell_RegimAlim.pdf,2017025511_2007,,,
534,2007_06_22_CP_ConferenceAidsImpact.pdf,2017025511_2007,,,
535,2007_06_25_CP_Maman_Polluants_Bebes.pdf,2017025511_2007,,,
536,2007_06_29_CP_ElargissmtTestVIH.pdf,2017025511_2007,,,
537,2007_07_02_CP_CancSein_EssaisTherap.pdf,2017025511_2007,,,
538,2007_07_09_CP-RedefCritereAlzheimer.pdf,2017025511_2007,,,
539,2007_07_17_CP_Prix Galien_Guillouzo.pdf,2017025511_2007,,,
540,2007_07_19_CP_CervVieux_CervAlzheim.pdf,2017025511_2007,,,
541,2007_07_23_CP_InsermTrEtMetagenex.pdf,2017025511_2007,,,
542,2007_07_23_CP_LocalisReservoirVIH.pdf,2017025511_2007,,,
543,2007_07_24_CP_PertePoids_Huntington.pdf,2017025511_2007,,,
544,2007_07_30_CP_PeptineVsCancerFoie.pdf,2017025511_2007,,,
545,2007_08_01_CP_RhumatArti_LesionCard.pdf,2017025511_2007,,,
546,2007_08_02_CP_SentinelleVsInfection.pdf,2017025511_2007,,,
547,2007_08_06_CP_CafeVsMemoireFemme.pdf,2017025511_2007,,,
548,2007_08_20_CP_MecanismeLymphTueur.pdf,2017025511_2007,,,
549,2007_08_21_CP_StrategExpansVIHSang.pdf,2017025511_2007,,,
550,2007_09_04_CP_ExpCol_ProfesVsVoix.pdf,2017025511_2007,,,
551,2007_09_11_CP_InaugLabosGenopole.pdf,2017025511_2007,,,
552,2007_09_11_CP_NouvPlatefGenotypage.pdf,2017025511_2007,,,
553,2007_09_17_CP_LancementEnqueteELF.pdf,2017025511_2007,,,
554,2007_09_25_CP_ImagCereb_InconsConsc.pdf,2017025511_2007,,,
555,2007_10_03_CP_DMLA_CellMicrogliale.pdf,2017025511_2007,,,
556,2007_10_05_CP_ArtEtScience.pdf,2017025511_2007,,,
557,2007_10_08_CP_DemissionInsermChBrechot.pdf,2017025511_2007,,,
558,2007_10_09_CP_EDEN_1ersResultats.pdf,2017025511_2007,,,
559,2007_10_09_CP_EDEN_EtudeSanteEnfant.pdf,2017025511_2007,,,
560,2007_10_10_CP_Parkinson_NvxElements.pdf,2017025511_2007,,,
561,2007_10_11_CP_Catarac_Nanoimagerie.pdf,2017025511_2007,,,
562,2007_10_15_CP_LettreInsermMedGener.pdf,2017025511_2007,,,
563,2007_10_17_CP_NouvDGInserm_ASyrota.pdf,2017025511_2007,,,
564,2007_10_18_CP_REUNICA_InsermCHUBrdx.pdf,2017025511_2007,,,
565,2007_10_23_CP_1ereligneeCellSoucEmb.pdf,2017025511_2007,,,
566,2007_10_31_CP_PollutAtm_MaladieCoeur.pdf,2017025511_2007,,,
567,2007_11_05_CP_SeniorsVSDepression.pdf,2017025511_2007,,,
568,2007_11_05_CP_SurpoidsObesi_Internat.pdf,2017025511_2007,,,
569,2007_11_09_CP_ExpCol_MaladAlzheim.pdf,2017025511_2007,,,
570,2007_11_12_CP_JourneeMondDiabete.pdf,2017025511_2007,,,
571,2007_11_15_CP_ImmortalMelanocyte.pdf,2017025511_2007,,,
572,2007_11_19_CP_EscherichiaC_DefImmun.pdf,2017025511_2007,,,
573,2007_11_20_CP_OBRGP_TraitmtObesite.pdf,2017025511_2007,,,
574,2007_11_22_CP_PrixInserm2007_CPetit.pdf,2017025511_2007,,,
575,2007_11_27_CP_IdentInternaute_Sante.pdf,2017025511_2007,,,
576,2007_11_30_CP_InaugInstitutGrenoble.pdf,2017025511_2007,,,
577,2007_12_10_CP_Anthrax_defensImmun.pdf,2017025511_2007,,,
578,2007_12_13_CP_Microcirc_HypertArter.pdf,2017025511_2007,,,
579,2007_12_19_CP_ObservatoireORLEnfant.pdf,2017025511_2007,,,
580,2007_12_21_CP_CerveauVsParole.pdf,2017025511_2007,,,
581,2007_12_26_CP_FragilVasc_MaladGenet.pdf,2017025511_2007,,,
582,2008_01_02_CP_TherapCellVsRejetGref.pdf,2017025512_2008,,,
583,2008_01_04_CP_NouvEditionOrphanet.pdf,2017025512_2008,,,
584,2008_01_09_CP_EtudeSUVIMAX2.pdf,2017025512_2008,,,
585,2008_01_11_CP_StressOxydant_Diabet2.pdf,2017025512_2008,,,
586,2008_01_14_CP_Mitochondries_Asthme.pdf,2017025512_2008,,,
587,2008_01_14_CP_SanteFranciliens.pdf,2017025512_2008,,,
588,2008_01_24_CP_InsermLeaderRechBioEu.pdf,2017025512_2008,,,
589,2008_01_25_CP_Allaitmt_ImmunisAsthm.pdf,2017025512_2008,,,
590,2008_01_25_CP_CellProgenitr_Insuli.pdf,2017025512_2008,,,
591,2008_02_05_CP_RadicLibres_Vieilliss.pdf,2017025512_2008,,,
592,2008_02_05_CP_TestRapide_Legionell.pdf,2017025512_2008,,,
593,2008_02_06_CP_StabilisRecordsMonde.pdf,2017025512_2008,,,
594,2008_02_15_CP_Chikungun_modeleanim.pdf,2017025512_2008,,,
595,2008_02_15_CP_Enfant3mois_Nombres.pdf,2017025512_2008,,,
596,2008_02_15_CP_TraitParkinsEffetSec.pdf,2017025512_2008,,,
597,2008_02_21_CP_DevelopmentOrganisme.pdf,2017025512_2008,,,
598,2008_03_03_CP_VIH_ProteineProtect.pdf,2017025512_2008,,,
599,2008_03_07_CP_ResultEtudeEPIPAGE.pdf,2017025512_2008,,,
600,2008_03_13_CP_VieIntimeBacteries.pdf,2017025512_2008,,,
601,2008_03_17_CP_Medec_MedGenMalAlzh.pdf,2017025512_2008,,,
602,2008_03_18_CP_ChikungDelaMereAuFoet.pdf,2017025512_2008,,,
603,2008_03_19_CP_OuvertInstitutVision.pdf,2017025512_2008,,,
604,2008_03_20_CP_AnemieVsNouvGenProt.pdf,2017025512_2008,,,
605,2008_03_21_CP_TranspVitaCparGlut1.pdf,2017025512_2008,,,
606,2008_03_26_CP_Epidaure_2CherInserm.pdf,2017025512_2008,,,
607,2008_03_27_CP_CA_ApprobReorgInserm.pdf,2017025512_2008,,,
608,2008_03_27_CP_Ectasy_receptCerebCle.pdf,2017025512_2008,,,
609,2008_03_28_CP_CancSein_AgressCellTum.pdf,2017025512_2008,,,
610,2008_04_01_CP_ExpCol_ActivPhysSante.pdf,2017025512_2008,,,
611,2008_04_03_CP_MolecTrtmtDrepanocyt.pdf,2017025512_2008,,,
612,2008_04_09_CP_CancSein_AcidGrasTrans.pdf,2017025512_2008,,,
613,2008_04_09_CP_CellSoucdansMoelleEpin.pdf,2017025512_2008,,,
614,2008_04_15_CP_EtudeSOSVillagesEnf.pdf,2017025512_2008,,,
615,2008_04_16_CP_DescendanceSsAnomGen.pdf,2017025512_2008,,,
616,2008_04_17_CP_DebitCard_Electrocard.pdf,2017025512_2008,,,
617,2008_04_21_CP_Inserm_8DirInstThem.pdf,2017025512_2008,,,
618,2008_04_21_CP_RegulSommeil_DebutVie.pdf,2017025512_2008,,,
619,2008_04_22_CP_CauseProcreMedAssist.pdf,2017025512_2008,,,
620,2008_04_24_CP_ShigelloseContreImmun.pdf,2017025512_2008,,,
621,2008_04_28_CP_Gene_NouvFormeHypothy.pdf,2017025512_2008,,,
622,2008_05_07_CP_VIH_ProjEuHIVACE.pdf,2017025512_2008,,,
623,2008_05_15_CP_ContactCell_Ondulation.pdf,2017025512_2008,,,
624,2008_05_16_CP_Omega3MoinsdeDepress.pdf,2017025512_2008,,,
625,2008_05_19_CP_EnzymeAPA_HypertenArt.pdf,2017025512_2008,,,
626,2008_05_21_CP_AlcoolVsMemoire.pdf,2017025512_2008,,,
627,2008_05_22_CP_SubstAddict_mecanisme.pdf,2017025512_2008,,,
628,2008_05_27_CP_ResultatsEnqEuESPAD.pdf,2017025512_2008,,,
629,2008_05_28_CP_SalonEuRechEtInnov.pdf,2017025512_2008,,,
630,2008_05_29_CP_CoordiRechBiomFrance.pdf,2017025512_2008,,,
631,2008_06_02_CP_LaHague_EtudeFertRepro.pdf,2017025512_2008,,,
632,2008_06_03_CP_DecesCKordonNeuroendo.pdf,2017025512_2008,,,
633,2008_06_11_CP_ObesiteEnfant.pdf,2017025512_2008,,,
634,2008_06_12_CP_ConsExposChlordecone.pdf,2017025512_2008,,,
635,2008_06_17_CP_LienentreHerpesetDiab.pdf,2017025512_2008,,,
636,2008_06_19_CP_SclerPlaquesVsRech.pdf,2017025512_2008,,,
637,2008_06_25_CP_CalciumNeur_Alzheimer.pdf,2017025512_2008,,,
638,2008_06_25_CP_Logiciel_DetecAlzheim.pdf,2017025512_2008,,,
639,2008_06_30_CP_HDLCholester_Memoire.pdf,2017025512_2008,,,
640,2008_06_30_CP_Progeria_TrtmtEnvue.pdf,2017025512_2008,,,
641,2008_07_07_CP_Alzheim_RechInternat.pdf,2017025512_2008,,,
642,2008_07_08_CP_Sida_KissingComplex.pdf,2017025512_2008,,,
643,2008_07_09_CP_EquilibreNutrition.pdf,2017025512_2008,,,
644,2008_07_10_CP_ProjEu_Anevrisme.pdf,2017025512_2008,,,
645,2008_07_11_CP_HormStress_CommNeuron.pdf,2017025512_2008,,,
646,2008_07_16_CP_MyelineVsPredateur.pdf,2017025512_2008,,,
647,2008_07_17_CP_Saturnisme_DepistEnft.pdf,2017025512_2008,,,
648,2008_07_22_CP_ExpCol_JeuxVsAddict.pdf,2017025512_2008,,,
649,2008_08_05_CP_CirconcisionVsVIH.pdf,2017025512_2008,,,
650,2008_08_27_CP_Subliminal_Influence.pdf,2017025512_2008,,,
651,2008_08_29_CP_OdeurPlantesVsDefense.pdf,2017025512_2008,,,
652,2008_09_02_CP_ChirurObesite_Diabete.pdf,2017025512_2008,,,
653,2008_09_08_CP_MutGenetVsTumeurSein.pdf,2017025512_2008,,,
654,2008_09_10_CP_EcoleInsermLBettanc.pdf,2017025512_2008,,,
655,2008_09_11_CP_OsteopCalcRein_1gene.pdf,2017025512_2008,,,
656,2008_09_17_CP_ListeriaViaPlacenta.pdf,2017025512_2008,,,
657,2008_09_19_CP_LienSoinRhin_Asthme.pdf,2017025512_2008,,,
658,2008_09_22_CP_SchizophAdoVsAnomCerv.pdf,2017025512_2008,,,
659,2008_09_25_CP_VilleEurdesSciences.pdf,2017025512_2008,,,
660,2008_09_30_CP_Inserm_JneesNatMedGen.pdf,2017025512_2008,,,
661,2008_10_02_CP_ExpCol_CancVsEnviron.pdf,2017025512_2008,,,
662,2008_10_06_CP_FBarreS_LMontagnier.pdf,2017025512_2008,,,
663,2008_10_07_CP_SuccinateEtAngiogen.pdf,2017025512_2008,,,
664,2008_10_13_CP_MortaliteMaternelle.pdf,2017025512_2008,,,
665,2008_10_14_CP_MacrophPeauVsDengue.pdf,2017025512_2008,,,
666,2008_10_16_CP_AsthmeEnfant_Tabac.pdf,2017025512_2008,,,
667,2008_10_21_CP_Crohn_BacterieCle.pdf,2017025512_2008,,,
668,2008_10_28_CP_DureeVieVsHormoneIGF1.pdf,2017025512_2008,,,
669,2008_10_28_CP_Parkins_FerCellNerv.pdf,2017025512_2008,,,
670,2008_11_04_CP_ApelineAideDiabetique.pdf,2017025512_2008,,,
671,2008_11_04_CP_SystImmunVsBactIntest.pdf,2017025512_2008,,,
672,2008_11_07_CP_Diab_EtudeENTREDAdo.pdf,2017025512_2008,,,
673,2008_11_07_CP_VilleEuDesSciences2.pdf,2017025512_2008,,,
674,2008_11_12_CP_Toc_EssaiClinEncourgt.pdf,2017025512_2008,,,
675,2008_11_13_CP_LancementFondAlzheim.pdf,2017025512_2008,,,
676,2008_11_14_CP_EU_DispariteVieillsmtEu.pdf,2017025512_2008,,,
677,2008_11_20_CP_LienCancEtInflammat.pdf,2017025512_2008,,,
678,2008_11_25_CP_ProtDAP12_CellGeante.pdf,2017025512_2008,,,
679,2008_11_26_CP_AnomalCellSouch_Canc.pdf,2017025512_2008,,,
680,2008_11_26_CP_Mucov_resultNEUPROCF.pdf,2017025512_2008,,,
681,2008_11_27_CP_PrevSecurRoutEtResult.pdf,2017025512_2008,,,
682,2008_12_01_CP_PrixInserm_AFischer.pdf,2017025512_2008,,,
683,2008_12_05_CP_RoleCellGliales.pdf,2017025512_2008,,,
684,2008_12_09_CP_LivreEnfMaltraitee.pdf,2017025512_2008,,,
685,2008_12_19_CP_RenouvCellSouchAdulte.pdf,2017025512_2008,,,
686,2009_01_07_CP_DepistageTrisomie21.pdf,2017025513_2009,,,
687,2009_01_09_CP_ExpCol_TestsGenet.pdf,2017025513_2009,,,
688,2009_01_15_CP_VaccinVsSighellose.pdf,2017025513_2009,,,
689,2009_01_20_CP_NouvVersionSerimedis.pdf,2017025513_2009,,,
690,2009_01_21_CP_PrixLBettenc_Inserm.pdf,2017025513_2009,,,
691,2009_01_21_CP_TestEtatConscience.pdf,2017025513_2009,,,
692,2009_01_23_CP_Constances_ObsSante.pdf,2017025513_2009,,,
693,2009_01_23_CP_SevrageTabagique.pdf,2017025513_2009,,,
694,2009_01_28_CP_AtlasmortaliteCancer.pdf,2017025513_2009,,,
695,2009_01_29_CP_NeuronesVsEmpathie.pdf,2017025513_2009,,,
696,2009_02_02_CP_AdosVsSubstPsychoact.pdf,2017025513_2009,,,
697,2009_02_07_CP_2009_2010Futuroscope.pdf,2017025513_2009,,,
698,2009_02_09_CP_Infarctus_NouvGenes.pdf,2017025513_2009,,,
699,2009_02_10_CP_LivES_ProjetEuFoie.pdf,2017025513_2009,,,
700,2009_02_10_Obesite_CilDefectueux.pdf,2017025513_2009,,,
701,2009_02_11_CP_IRM_BilanClinAutisme.pdf,2017025513_2009,,,
702,2009_02_16_CP_TaurineVsEpilepsie.pdf,2017025513_2009,,,
703,2009_02_19_CP_BezafibrateVsMyopathie.pdf,2017025513_2009,,,
704,2009_02_23_CP_MaladieRare_GeneSox9.pdf,2017025513_2009,,,
705,2009_02_25_CP_CancPoum_RangSocial.pdf,2017025513_2009,,,
706,2009_03_02_CP_Age_SommeilVsMort.pdf,2017025513_2009,,,
707,2009_03_05_CP_Antibios_Resistance.pdf,2017025513_2009,,,
708,2009_03_14_CP_MarchePrMaladiesCerv.pdf,2017025513_2009,,,
709,2009_03_16_CP_Retine_ProgresTherap.pdf,2017025513_2009,,,
710,2009_03_17_CP_ConscienceEtCerveau.pdf,2017025513_2009,,,
711,2009_03_25_CP_HypersensibNeurolog.pdf,2017025513_2009,,,
712,2009_03_29_CP_ExpCol_TransplOrganes.pdf,2017025513_2009,,,
713,2009_03_31_CP_EvolMalCreutzfeldtJ.pdf,2017025513_2009,,,
714,2009_04_07_CP_MedicamToxoplEtPalu.pdf,2017025513_2009,,,
715,2009_04_08_CP_AllianceNatRechMed.pdf,2017025513_2009,,,
716,2009_04_27_CP_Epileps_SignesCrises.pdf,2017025513_2009,,,
717,2009_04_29_CP_AugmFreqCardVsCrise.pdf,2017025513_2009,,,
718,2009_05_04_CP_Tubercul_NouvTraitmt.pdf,2017025513_2009,,,
719,2009_05_05_CP_ABenedettiDrComInserm.pdf,2017025513_2009,,,
720,2009_05_11_CP_Cerv_ChiffreVsEspace.pdf,2017025513_2009,,,
721,2009_05_11_CP_EtudeNutrinetSante.pdf,2017025513_2009,,,
722,2009_05_11_CP_Mai_SalonSanteEnvir.pdf,2017025513_2009,,,
723,2009_05_12_CP_LancmtSiteInsermActu.pdf,2017025513_2009,,,
724,2009_05_13_CP_OpenVibe_CerveauOrdi.pdf,2017025513_2009,,,
725,2009_05_19_CP_BacterVsResistAntibio.pdf,2017025513_2009,,,
726,2009_05_25_CP_InstEuGenomDiab_Lcmt.pdf,2017025513_2009,,,
727,2009_05_25_CP_LancmtInstEuGenomDiab.pdf,2017025513_2009,,,
728,2009_05_26_CP_AlzheimerVsCortex.pdf,2017025513_2009,,,
729,2009_05_28_CP_HemopathiesMyeloides.pdf,2017025513_2009,,,
730,2009_05_28_CP_InsermEtInsermTauSERI.pdf,2017025513_2009,,,
731,2009_05_28_CP_PMAenhausse.pdf,2017025513_2009,,,
732,2009_06_02_CP_EvaluerProgrSantePub.pdf,2017025513_2009,,,
733,2009_06_02_CP_NanodiamantsFluoresc.pdf,2017025513_2009,,,
734,2009_06_05_CP_ProteinePAR2VsGrippe.pdf,2017025513_2009,,,
735,2009_06_08_CP_DecesJeanDausset.pdf,2017025513_2009,,,
736,2009_06_09_CP_MotivEssenceDecision.pdf,2017025513_2009,,,
737,2009_06_11_CP_ActivitNeuron_Synapse.pdf,2017025513_2009,,,
738,2009_06_11_CP_Listeria_MieuxCompris.pdf,2017025513_2009,,,
739,2009_06_16_CP_LienPesticParkinson.pdf,2017025513_2009,,,
740,2009_06_17_CP_GeneVsDevptPuberte.pdf,2017025513_2009,,,
741,2009_06_18_CP_Foetus_ImpactPollut.pdf,2017025513_2009,,,
742,2009_06_19_CP_InfecNoso_GrdProjRech.pdf,2017025513_2009,,,
743,2009_06_22_CP_VIH_NouvStratTherap.pdf,2017025513_2009,,,
744,2009_07_03_CP_CannabisEtMorphine.pdf,2017025513_2009,,,
745,2009_07_06_CP_Chromosome9VsCancer.pdf,2017025513_2009,,,
746,2009_07_23_CP_Trauma_ReparatNeuron.pdf,2017025513_2009,,,
747,2009_07_24_CP_ControleCelSouchSang.pdf,2017025513_2009,,,
748,2009_07_30_CP_EnzymeProtectSpermat.pdf,2017025513_2009,,,
749,2009_08_03_CP_SystImmun_CelluleCanc.pdf,2017025513_2009,,,
750,2009_08_06_CP_Diab_CellAlphEtBeta.pdf,2017025513_2009,,,
751,2009_08_20_CP_Bichat_SoinAVCPerform.pdf,2017025513_2009,,,
752,2009_08_27_CP_Ecriture_ZoneCerveau.pdf,2017025513_2009,,,
753,2009_09_01_CP_Foetus_DiagnostCanc.pdf,2017025513_2009,,,
754,2009_09_03_CP_Diab1_GrefCellPancreas.pdf,2017025513_2009,,,
755,2009_09_06_CP_Alzheimer_2nouvGenes.pdf,2017025513_2009,,,
756,2009_09_08_CP_InaugurCtreRechHEGP.pdf,2017025513_2009,,,
757,2009_09_08_CP_Vieillismt_JEpelbaum.pdf,2017025513_2009,,,
758,2009_09_11_CP_VirusH1N1_RechFrance.pdf,2017025513_2009,,,
759,2009_09_15_CP_Grossesse_NocivSolv.pdf,2017025513_2009,,,
760,2009_09_16_CP_TrtmtMenop_CancSein.pdf,2017025513_2009,,,
761,2009_09_21_CP_MeillVieill_StimulCerv.pdf,2017025513_2009,,,
762,2009_09_23_CP_Parkinson_NouvMedic.pdf,2017025513_2009,,,
763,2009_09_28_CP_Chikungun_NouvTrtmt.pdf,2017025513_2009,,,
764,2009_09_29_CP_OPourquie_DirIGBMC.pdf,2017025513_2009,,,
765,2009_09_30_CP_HistonesVsADNSpermato.pdf,2017025513_2009,,,
766,2009_09_30_CP_Moustiq_LutteCtrePalu.pdf,2017025513_2009,,,
767,2009_10_09_CP_ImmunodeVIHVsCancer.pdf,2017025513_2009,,,
768,2009_10_09_CP_VaccinVsBilharziose.pdf,2017025513_2009,,,
769,2009_10_12_CP_Inserm_SiteScienSante.pdf,2017025513_2009,,,
770,2009_10_15_CP_Parkinson_TherapGen.pdf,2017025513_2009,,,
771,2009_10_30_CP_RolePolycystines.pdf,2017025513_2009,,,
772,2009_11_03_CP_RecepNicotinnAChRa7.pdf,2017025513_2009,,,
773,2009_11_06_CP_CellAdultes_Multiplic.pdf,2017025513_2009,,,
774,2009_11_06_CP_TrtmtAdrenoleucodystr.pdf,2017025513_2009,,,
775,2009_11_09_CP_RetraiteEgaleSante.pdf,2017025513_2009,,,
776,2009_11_10_CP_RadiographNonIndispensp.pdf,2017025513_2009,,,
777,2009_11_12_CP_MarcheLenteVsDeces.pdf,2017025513_2009,,,
778,2009_11_12_CP_NosPreferencesDansCerv.pdf,2017025513_2009,,,
779,2009_11_17_CP_ReacImmun_CancColorec.pdf,2017025513_2009,,,
780,2009_11_19_CP_Tuberculose_NouvAntib.pdf,2017025513_2009,,,
781,2009_11_20_CP_1ereReconstitEpiderme.pdf,2017025513_2009,,,
782,2009_11_24_CP_BenAriGrandPrixInserm.pdf,2017025513_2009,,,
783,2009_12_01_CP_ScienceEtFiction.pdf,2017025513_2009,,,
784,2009_12_01_CP_ScienceEtFiction2.pdf,2017025513_2009,,,
785,2009_12_03_CP_Dysferlinopathie_Exon.pdf,2017025513_2009,,,
786,2009_12_04_CP_HippocampeVsGABA.pdf,2017025513_2009,,,
787,2009_12_11_CP_AEichmann_PrixBettenc.pdf,2017025513_2009,,,
788,2009_12_18_CP_FranceLeadEuJeuneCherch.pdf,2017025513_2009,,,
789,2010_01_06_CP_FilmReveChercheurs.pdf,2017025514_2010,,,
790,2010_01_07_CP_Poliphenols_Paradoxe.pdf,2017025514_2010,,,
791,2010_01_08_CP_NeuronesduToucher.pdf,2017025514_2010,,,
792,2010_01_14_CP_AstrocytesVsHyppoc.pdf,2017025514_2010,,,
793,2010_01_18_CP_LymphocytopenieTCD4.pdf,2017025514_2010,,,
794,2010_01_26_CP_Demence_2Proteines.pdf,2017025514_2010,,,
795,2010_01_26_CP_Hyperten_InegSociale.pdf,2017025514_2010,,,
796,2010_01_28_CP_CytomegalVsGrossesse.pdf,2017025514_2010,,,
797,2010_01_28_CP_Ver_Nutrit_Longevite.pdf,2017025514_2010,,,
798,2010_01_29_CP_Hyperten_NouvProteine.pdf,2017025514_2010,,,
799,2010_02_01_CP_CerbralVesselDisease.pdf,2017025514_2010,,,
800,2010_02_01_CP_PetitesArteresCerebr.pdf,2017025514_2010,,,
801,2010_02_05_CP_CellSoucheMusculaire.pdf,2017025514_2010,,,
802,2010_02_07_CP_ReceptCB1_Alimentat.pdf,2017025514_2010,,,
803,2010_02_17_CP_PartenAviesanSanofi.pdf,2017025514_2010,,,
804,2010_02_18_CP_ExplicSymetrVertebres.pdf,2017025514_2010,,,
805,2010_02_18_CP_SymetrieVertebrale.pdf,2017025514_2010,,,
806,2010_02_24_CP_Gene_SelectNaturelle.pdf,2017025514_2010,,,
807,2010_02_24_CP_NouvTraitmntAsthme.pdf,2017025514_2010,,,
808,2010_03_05_CP_MathemVsVieMortCell.pdf,2017025514_2010,,,
809,2010_03_09_CP_GestionUMR_1delegation.pdf,2017025514_2010,,,
810,2010_03_10_CP_TraitmntOralAntiPoux.pdf,2017025514_2010,,,
811,2010_03_15_CP_PollutionVsCoeurRat.pdf,2017025514_2010,,,
812,2010_03_17_CP_SommeilVsThalamus.pdf,2017025514_2010,,,
813,2010_03_23_CP_Tuberc_EnzymeResist.pdf,2017025514_2010,,,
814,2010_03_25_CP_CancPulmon_ReceptTLR.pdf,2017025514_2010,,,
815,2010_03_25_CP_Sante_Mort_InegalSoc.pdf,2017025514_2010,,,
816,2010_04_06_CP_Thalidomide_CelMurale.pdf,2017025514_2010,,,
817,2010_04_08_CP_ADNVsComplexeNER.pdf,2017025514_2010,,,
818,2010_04_08_CP_DevlpmtVaccinAntiCanc.pdf,2017025514_2010,,,
819,2010_04_12_CP_ProteineP53_AntiCanc.pdf,2017025514_2010,,,
820,2010_04_13_CP_ThiazidiqueVsHypert.pdf,2017025514_2010,,,
821,2010_04_15_CP_LimitesduCerveauHum.pdf,2017025514_2010,,,
822,2010_04_15_CP_ProjRechEu_Neurodegen.pdf,2017025514_2010,,,
823,2010_04_21_CP_StrategiedelaListeria.pdf,2017025514_2010,,,
824,2010_04_22_CP_Francais_VaccGrippeA.pdf,2017025514_2010,,,
825,2010_04_22_CP_TrtmntParkins_EffSec.pdf,2017025514_2010,,,
826,2010_04_26_CP_BiomarqPostInfarctus.pdf,2017025514_2010,,,
827,2010_04_26_CP_ModelisGripRusse1889.pdf,2017025514_2010,,,
828,2010_04_26_CP_SelecSpermat_Fecondat.pdf,2017025514_2010,,,
829,2010_04_27_CP_CancerVsDiabete.pdf,2017025514_2010,,,
830,2010_04_30_CP_PaluResistTrtmtMajeur.pdf,2017025514_2010,,,
831,2010_05_06_CP_Livre_PlacentaHumain.pdf,2017025514_2010,,,
832,2010_05_10_CP_AVIESAN_SiteInternet.pdf,2017025514_2010,,,
833,2010_05_17_CP_MaladieRareRein_Gene.pdf,2017025514_2010,,,
834,2010_05_19_CP_MaladiesPsy_NouvPiste.pdf,2017025514_2010,,,
835,2010_05_20_CP_RencNatInsermAssocMal.pdf,2017025514_2010,,,
836,2010_06_03_CP_ExpCol_BisphA_Reprod.pdf,2017025514_2010,,,
837,2010_06_04_CP_Alzheim_SuiviEtDepend.pdf,2017025514_2010,,,
838,2010_06_10_CP_Alzheim_ReceptGlutam.pdf,2017025514_2010,,,
839,2010_06_10_CP_ConsorAutisme_NouvGen.pdf,2017025514_2010,,,
840,2010_06_10_CP_PrixWBColey_2CherchFr.pdf,2017025514_2010,,,
841,2010_06_14_CP_VersTraitmntHepatiteE.pdf,2017025514_2010,,,
842,2010_06_17_CP_ImageTranscrADNenARN.pdf,2017025514_2010,,,
843,2010_06_22_CP_Chlordecone_CancProst.pdf,2017025514_2010,,,
844,2010_06_24_CP_Addiction_PlasticCerv.pdf,2017025514_2010,,,
845,2010_06_24_CP_GuerisonSourisAveugle.pdf,2017025514_2010,,,
846,2010_06_24_CP_PointSurGrippeAH1N1.pdf,2017025514_2010,,,
847,2010_07_02_CP_ExpCol_DrogueVsVirus.pdf,2017025514_2010,,,
848,2010_07_12_CP_MecanismeMedicDiab2.pdf,2017025514_2010,,,
849,2010_07_13_CP_Arsenic_TrtmntLeucem.pdf,2017025514_2010,,,
850,2010_07_15_CP_Parkins_TroubleMarche.pdf,2017025514_2010,,,
851,2010_07_16_CP_AnticorpsVSAtheroscl.pdf,2017025514_2010,,,
852,2010_07_22_CP_BebeBulle_TheraGen.pdf,2017025514_2010,,,
853,2010_08_06_CP_MoleculeVsMetastPeau.pdf,2017025514_2010,,,
854,2010_08_13_CP_PrematVsTherapSystDig.pdf,2017025514_2010,,,
855,2010_08_16_CP_LevureVsInfertMascul.pdf,2017025514_2010,,,
856,2010_08_24_CP_Mortal_MaladiesPsyc.pdf,2017025514_2010,,,
857,2010_09_01_CP_CancPoum_Biomarqueur.pdf,2017025514_2010,,,
858,2010_09_02_CP_BeneficeResveratrol.pdf,2017025514_2010,,,
859,2010_09_06_CP_Huntington_Dyneine.pdf,2017025514_2010,,,
860,2010_09_08_CP_BonneStrategImmunoth.pdf,2017025514_2010,,,
861,2010_09_08_CP_StrategEffic_Cancer.pdf,2017025514_2010,,,
862,2010_09_14_CP_ParkinsonVsColon.pdf,2017025514_2010,,,
863,2010_09_14_CP_TherGen_BThalassemie.pdf,2017025514_2010,,,
864,2010_09_17_CP_Prozac_LatenceAction.pdf,2017025514_2010,,,
865,2010_09_17_CP_SciencesSurSeine2010.pdf,2017025514_2010,,,
866,2010_09_20_CP_DepressEtMaladieCoeur.pdf,2017025514_2010,,,
867,2010_09_23_CP_Anticoag_ThrombVein.pdf,2017025514_2010,,,
868,2010_09_23_CP_DiabeteVsTherapieGen.pdf,2017025514_2010,,,
869,2010_09_27_CP_NeuroscienceVsFrance.pdf,2017025514_2010,,,
870,2010_10_05_CP_StagesRechLyceens.pdf,2017025514_2010,,,
871,2010_10_11_CP_DetectAlzheimVsTherap.pdf,2017025514_2010,,,
872,2010_10_12_CP_FormeSchyzophr_MutGen.pdf,2017025514_2010,,,
873,2010_10_14_CP_InhalPopper_BaisseVue.pdf,2017025514_2010,,,
874,2010_10_15_CP_InsermFeteScience.pdf,2017025514_2010,,,
875,2010_10_18_CP_InsermVsDecesGMathe.pdf,2017025514_2010,,,
876,2010_10_18_CP_Ocytocine_Nourrisson.pdf,2017025514_2010,,,
877,2010_10_20_CP_Canc_DecouvMarquBiol.pdf,2017025514_2010,,,
878,2010_10_27_CP_NouvMesureMaladieRein.pdf,2017025514_2010,,,
879,2010_11_02_CP_DecouvProteineAsthme.pdf,2017025514_2010,,,
880,2010_11_02_CP_Parkins_MutDsGenecodant.pdf,2017025514_2010,,,
881,2010_11_04_CP_AccordCadreInserm_CPU.pdf,2017025514_2010,,,
882,2010_11_08_CP_France_BaisseMortCanc.pdf,2017025514_2010,,,
883,2010_11_11_CP_Peur_CircuitsNeuron.pdf,2017025514_2010,,,
884,2010_11_15_CP_EpleroneVsTrtmntCoeur.pdf,2017025514_2010,,,
885,2010_11_15_CP_NantesPlateFormeMedic.pdf,2017025514_2010,,,
886,2010_11_17_CP_PrixInserm2010.pdf,2017025514_2010,,,
887,2010_11_23_CP_NanoRevetementEnSpray.pdf,2017025514_2010,,,
888,2010_11_24_CP_RetraiteVsMeillsante.pdf,2017025514_2010,,,
889,2010_11_25_CP_RibosEucaryote_Struct.pdf,2017025514_2010,,,
890,2010_12_03_CP_BONAMI_TherCellCoeur.pdf,2017025514_2010,,,
891,2010_12_06_CP_Myopath_ProgresRech.pdf,2017025514_2010,,,
892,2010_12_08_CP_ProfilMereNeonaticide.pdf,2017025514_2010,,,
893,2010_12_09_CP_UlcereBuruli_Trtmnt.pdf,2017025514_2010,,,
894,2010_12_15_CP_Obesite_PolluantCorps.pdf,2017025514_2010,,,
895,2010_12_23_CP_Meningoco_PenetrCerv.pdf,2017025514_2010,,,
896,2011_01_05_CP_HepC_TestEfficTrtmnt.pdf,2017025515_2011,,,
897,2011_01_10_CP_AVC_RecupMotrVsProzac.pdf,2017025515_2011,,,
898,2011_01_11_CP_Alzheim_ProteineTau.pdf,2017025515_2011,,,
899,2011_01_15_CP_AnesthVsmembreFantome.pdf,2017025515_2011,,,
900,2011_01_19_CP_CephalPasDeclinCognit.pdf,2017025515_2011,,,
901,2011_01_19_CP_MicrovaissCervVsVieil.pdf,2017025515_2011,,,
902,2011_01_19_CP_VieillissementCerebr.pdf,2017025515_2011,,,
903,2011_01_20_CP_1erMedicVsHepatFulm.pdf,2017025515_2011,,,
904,2011_01_26_CP_PrixBettenc_4LabInserm.pdf,2017025515_2011,,,
905,2011_01_27_CP_Avenir_10ProjInserm.pdf,2017025515_2011,,,
906,2011_01_27_CP_InsermDans10Cohortes.pdf,2017025515_2011,,,
907,2011_01_28_CP_Longevite_Canc_Nutrit.pdf,2017025515_2011,,,
908,2011_01_31_CP_Omega3_GuerisDepress.pdf,2017025515_2011,,,
909,2011_02_01_CP_CollabInternAlzheimer.pdf,2017025515_2011,,,
910,2011_02_02_CP_Parkins_5FactRisques.pdf,2017025515_2011,,,
911,2011_02_10_CP_NouvPisteVaccinVIH.pdf,2017025515_2011,,,
912,2011_02_11_CP_Meningoc_Disseminat.pdf,2017025515_2011,,,
913,2011_02_15_CP_Sommeil_TriInfos.pdf,2017025515_2011,,,
914,2011_02_16_CP_Inserm_VideoCommunic.pdf,2017025515_2011,,,
915,2011_02_17_CP_2genesPredispMalRein.pdf,2017025515_2011,,,
916,2011_02_23_CP_Sante_NivSocialPays.pdf,2017025515_2011,,,
917,2011_03_01_CP_DossierInfoAllergie.pdf,2017025515_2011,,,
918,2011_03_02_CP_CroissCellVsExercice.pdf,2017025515_2011,,,
919,2011_03_04_CP_11ProjetsCNRSInserm.pdf,2017025515_2011,,,
920,2011_03_07_CP_ProtMutADNHumain.pdf,2017025515_2011,,,
921,2011_03_08_CP_OdeursVsActivatCerebr.pdf,2017025515_2011,,,
922,2011_03_09_CP_MedicCtreCancEtPalu.pdf,2017025515_2011,,,
923,2011_04_01_CP_Alzheim_5NouvGenes.pdf,2017025515_2011,,,
924,2011_04_01_CP_ObesiteVsCancerSein.pdf,2017025515_2011,,,
925,2011_04_07_CP_MaturatARN_SynthProt.pdf,2017025515_2011,,,
926,2011_04_07_CP_NouvGrpeMutationGenet.pdf,2017025515_2011,,,
927,2011_04_12_CP_BiotherapVsCancEtVue.pdf,2017025515_2011,,,
928,2011_04_14_CP_ExpCol_Repro_Envirnmt.pdf,2017025515_2011,,,
929,2011_04_14_CP_NeuronesVsOrientGeogr.pdf,2017025515_2011,,,
930,2011_04_15_CP_Anticorps_Transplant.pdf,2017025515_2011,,,
931,2011_04_24_CP_VirusHepC_NouvAntivir.pdf,2017025515_2011,,,
932,2011_05_02_CP_InsermEt4InstCarnot.pdf,2017025515_2011,,,
933,2011_05_03_CP_CmprtmtSuicidPersAgee.pdf,2017025515_2011,,,
934,2011_05_05_CP_Dendrimeres_MalInflam.pdf,2017025515_2011,,,
935,2011_05_05_CP_Gencives_AorteAbdomen.pdf,2017025515_2011,,,
936,2011_05_06_CP_AccidRoute_Telephone.pdf,2017025515_2011,,,
937,2011_05_11_CP_HommeFemmeVsSommeil.pdf,2017025515_2011,,,
938,2011_05_13_CP_13maiLancmtProgEuBiom.pdf,2017025515_2011,,,
939,2011_05_13_CP_Gressens_Spoelberch.pdf,2017025515_2011,,,
940,2011_05_13_CP_NeuronPourAntidepres.pdf,2017025515_2011,,,
941,2011_05_16_CP_Film3DRejetGreffe.pdf,2017025515_2011,,,
942,2011_05_17_CP_ChampionsTennis_Stats.pdf,2017025515_2011,,,
943,2011_05_20_CP_DetectionADNTumeur.pdf,2017025515_2011,,,
944,2011_05_23_CP_Geometr_IntuitionUniv.pdf,2017025515_2011,,,
945,2011_05_25_CP_CancerEnfant_MortAVC.pdf,2017025515_2011,,,
946,2011_05_27_CP_2labosInsermHemholtz.pdf,2017025515_2011,,,
947,2011_05_31_CP_OuvertPortailEpidemio.pdf,2017025515_2011,,,
948,2011_06_06_CP_AlbumineBov_MaladRein.pdf,2017025515_2011,,,
949,2011_06_07_CP_MelanMalin_Traitmnt.pdf,2017025515_2011,,,
950,2011_06_09_CP_MalHormon_ProtKinaseA.pdf,2017025515_2011,,,
951,2011_06_14_CP_Migraines_Assoc3Genes.pdf,2017025515_2011,,,
952,2011_06_21_CP_ExpCol_StressVsTravail.pdf,2017025515_2011,,,
953,2011_06_22_CP_NouvcibleIntest_SII.pdf,2017025515_2011,,,
954,2011_06_23_CP_TDamerval_DGDelegue.pdf,2017025515_2011,,,
955,2011_06_27_CP_CervSainVsCervEpilep.pdf,2017025515_2011,,,
956,2011_06_29_CP_IdentGeneSuppressTum.pdf,2017025515_2011,,,
957,2011_07_08_CP_CollabInsermENSPArles.pdf,2017025515_2011,,,
958,2011_07_12_CP_ApplicatInserm_iPhone.pdf,2017025515_2011,,,
959,2011_07_12_CP_LevureVsMalMitochondr.pdf,2017025515_2011,,,
960,2011_07_13_CP_RoboCupatHome_France.pdf,2017025515_2011,,,
961,2011_07_14_CP_ImagerieNouvGenerat.pdf,2017025515_2011,,,
962,2011_07_19_CP_Lymphoc_MaladieIntest.pdf,2017025515_2011,,,
963,2011_07_20_CP_RechCanc_Pluridiscipl.pdf,2017025515_2011,,,
964,2011_07_22_CP_ProtInihibPalu_Toxopl.pdf,2017025515_2011,,,
965,2011_08_01_CP_Schizophr_MutDeNovo.pdf,2017025515_2011,,,
966,2011_08_03_CP_HepC_NouvPisteVaccin.pdf,2017025515_2011,,,
967,2011_08_10_CP_ScleroseEP_PredispGen.pdf,2017025515_2011,,,
968,2011_08_22_CP_ArretCoeur_Eau_Froid.pdf,2017025515_2011,,,
969,2011_08_23_CP_Microcaps_PrblmCoeur.pdf,2017025515_2011,,,
970,2011_08_23_CP_PigmentPeauCellSouch.pdf,2017025515_2011,,,
971,2011_08_25_CP_ApprentissRapide_Euro.pdf,2017025515_2011,,,
972,2011_08_26_CP_IndiceDeficIntellect.pdf,2017025515_2011,,,
973,2011_09_01_CP_Sang_AutoTransfusion.pdf,2017025515_2011,,,
974,2011_09_06_CP_TrblesFertil_Neurone.pdf,2017025515_2011,,,
975,2011_09_07_CP_CancSein_MarquPoumon.pdf,2017025515_2011,,,
976,2011_09_09_CP_1erCtreExpertMortSub.pdf,2017025515_2011,,,
977,2011_09_13_CP_MalSanFilippo_modelHu.pdf,2017025515_2011,,,
978,2011_09_14_CP_MetLourds_AideImmun.pdf,2017025515_2011,,,
979,2011_09_15_CP_StressVsMarqSanguin.pdf,2017025515_2011,,,
980,2011_09_16_CP_Parkins_DecouvGene.pdf,2017025515_2011,,,
981,2011_09_20_CP_CervDroit_VueEspace.pdf,2017025515_2011,,,
982,2011_09_20_CP_DepresProlong_NivTrav.pdf,2017025515_2011,,,
983,2011_09_20_CP_PatientsEtInfosMedic.pdf,2017025515_2011,,,
984,2011_09_26_CP_InsermCNRS_CreatCell.pdf,2017025515_2011,,,
985,2011_09_26_CP_OutilDiagnTraumaCran.pdf,2017025515_2011,,,
986,2011_09_26_CP_ProtHSP110_Chimiother.pdf,2017025515_2011,,,
987,2011_09_29_CP_ATIPAvenir_5Laureats.pdf,2017025515_2011,,,
988,2011_10_03_CP_JHoffmann_NobelPhys.pdf,2017025515_2011,,,
989,2011_10_04_CP_Neuropalud_Inflammat.pdf,2017025515_2011,,,
990,2011_10_06_CP_EnquSituatPerinat2010.pdf,2017025515_2011,,,
991,2011_10_10_CP_Alzheim_VaccinplusSur.pdf,2017025515_2011,,,
992,2011_10_13_CP_MalFoie_TherapieGen.pdf,2017025515_2011,,,
993,2011_10_18_CP_Chimiokines_MercurCerv.pdf,2017025515_2011,,,
994,2011_10_20_CP_2Cancers_1GenePredisp.pdf,2017025515_2011,,,
995,2011_10_25_CP_ASyrota_VPScienceEu.pdf,2017025515_2011,,,
996,2011_10_26_CP_ProgeriaVsTherGenAnim.pdf,2017025515_2011,,,
997,2011_10_28_CP_NeuronesVsSilence.pdf,2017025515_2011,,,
998,2011_11_02_CP_RaisonRougeoleContag.pdf,2017025515_2011,,,
999,2011_11_02_CP_RajeunirCellAgees.pdf,2017025515_2011,,,
1000,2011_11_10_CP_CellDendr_GanglLymph.pdf,2017025515_2011,,,
1001,2011_11_10_CP_HepatAlcool_2trtmnts.pdf,2017025515_2011,,,
1002,2011_11_14_CP_AccCadreMembFondaAIRD.pdf,2017025515_2011,,,
1003,2011_11_18_CP_Prochiantz_PrixInserm.pdf,2017025515_2011,,,
1004,2011_11_21_CP_CancOvaireVsPronostic.pdf,2017025515_2011,,,
1005,2011_12_06_CP_VacH1N1ProtecMereFoet.pdf,2017025515_2011,,,
1006,2011_12_08_CP_Cortex_ApprentEmotion.pdf,2017025515_2011,,,
1007,2011_12_12_CP_GeneProtecCancColorec.pdf,2017025515_2011,,,
1008,2011_12_20_CP_AutophagCellEtChimio.pdf,2017025515_2011,,,
1009,2011_12_22_CP_Dyslexie_1anomalie.pdf,2017025515_2011,,,
1010,2011_12_22_CP_MaladCMT_MaladRenale.pdf,2017025515_2011,,,
1011,2011_12_22_CP_ObsExpressionGenique.pdf,2017025515_2011,,,
1012,2011_12_23_CP_FragilChromos_Tumeur.pdf,2017025515_2011,,,
1013,2012_01_03_CP_SystemeEndocr_Memoire.pdf,2017025516_2012,,,
1014,2012_01_06_CP_DeclinCognitVs45ans.pdf,2017025516_2012,,,
1015,2012_01_10_CP_ANRSautonomeInserm.pdf,2017025516_2012,,,
1016,2012_01_18_CP_ProgresSeniorMarathon.pdf,2017025516_2012,,,
1017,2012_01_18_CP_RecepteurVitDen3D.pdf,2017025516_2012,,,
1018,2012_01_20_CP_CellNK_StimulImmunite.pdf,2017025516_2012,,,
1019,2012_01_20_CP_Tumeur_P53Mdm2ProtATM.pdf,2017025516_2012,,,
1020,2012_01_23_CP_Obesite_2emecerveau.pdf,2017025516_2012,,,
1021,2012_01_25_CP_AnomCellSouchePlurip.pdf,2017025516_2012,,,
1022,2012_01_25_CP_GrippeNet_SiteVeille.pdf,2017025516_2012,,,
1023,2012_01_27_CP_MutRecptMelaton_Diab2.pdf,2017025516_2012,,,
1024,2012_01_31_CP_PresentEnjeuxRechCanc.pdf,2017025516_2012,,,
1025,2012_01_31_CP_RechCan_Acceleration.pdf,2017025516_2012,,,
1026,2012_02_01_CP_DegradOs_Serotonine.pdf,2017025516_2012,,,
1027,2012_02_09_CP_Autisme_MutGen_Neur.pdf,2017025516_2012,,,
1028,2012_02_10_CP_AnticorpsVsDengue.pdf,2017025516_2012,,,
1029,2012_02_12_CP_TumeurEwing_EnfantsEu.pdf,2017025516_2012,,,
1030,2012_02_15_CP_Canc_VitamBEtOmega3.pdf,2017025516_2012,,,
1031,2012_02_16_CP_MvmtSimil2brasVsgene.pdf,2017025516_2012,,,
1032,2012_02_17_CP_Cycliste_BlessureTete.pdf,2017025516_2012,,,
1033,2012_02_21_CP_Cerv_CentreMotivation.pdf,2017025516_2012,,,
1034,2012_02_23_CP_SemaineCerveau_Mars.pdf,2017025516_2012,,,
1035,2012_02_24_CP_HormStress_impactCerv.pdf,2017025516_2012,,,
1036,2012_02_27_CP_ResistCanc_NouvMolec.pdf,2017025516_2012,,,
1037,2012_02_29_CP_8mars_JourneeMondRein.pdf,2017025516_2012,,,
1038,2012_03_02_CP_CannabisVsMemoireTrav.pdf,2017025516_2012,,,
1039,2012_03_05_CP_CancEnf_SarcomeOsseux.pdf,2017025516_2012,,,
1040,2012_03_06_CP_ConfCitoy_NouvCycle.pdf,2017025516_2012,,,
1041,2012_03_12_CP_CPetit_PrixBrainPrize.pdf,2017025516_2012,,,
1042,2012_03_15_CP_TestpredictCancColon.pdf,2017025516_2012,,,
1043,2012_03_19_CP_OrigineGeneRavine.pdf,2017025516_2012,,,
1044,2012_03_20_CP_FaiblesseMusc_2Prot.pdf,2017025516_2012,,,
1045,2012_03_22_CP_Morphine_EffetsSecond.pdf,2017025516_2012,,,
1046,2012_03_23_CP_ScienSAs_Seniors.pdf,2017025516_2012,,,
1047,2012_03_28_CP_MalSteinertVsPrevent.pdf,2017025516_2012,,,
1048,2012_03_28_CP_Sommeil_FctntCerveau.pdf,2017025516_2012,,,
1049,2012_03_29_CP_QualiteAirEcole_Sante.pdf,2017025516_2012,,,
1050,2012_04_02_CP_AVenir_VaccinAsthme.pdf,2017025516_2012,,,
1051,2012_04_03_CP_Alzheimer_GeneSORL1.pdf,2017025516_2012,,,
1052,2012_04_03_CP_EHirsch_DirITMONeuro.pdf,2017025516_2012,,,
1053,2012_04_05_CP_ActivPhys_ImpactSante.pdf,2017025516_2012,,,
1054,2012_04_13_CP_NominEHirsch_1ITMO.pdf,2017025516_2012,,,
1055,2012_04_16_CP_Alzheim_MutGeneHippoc.pdf,2017025516_2012,,,
1056,2012_04_17_CP_Tubercul_Mycobacterie.pdf,2017025516_2012,,,
1057,2012_04_19_CP_Eu_AgeVieBonneSante.pdf,2017025516_2012,,,
1058,2012_04_26_CP_Diab_NbreBacterIntest.pdf,2017025516_2012,,,
1059,2012_05_04_CP_Obesite_19eCongLyon.pdf,2017025516_2012,,,
1060,2012_05_04_CP_TumMamm_proteineCK2.pdf,2017025516_2012,,,
1061,2012_05_09_CP_TumFoie_4genesIdent.pdf,2017025516_2012,,,
1062,2012_05_14_CP_LectureVsDivAiresCerv.pdf,2017025516_2012,,,
1063,2012_05_16_CP_InsermRencontreJeunes.pdf,2017025516_2012,,,
1064,2012_05_21_CP_Conf_SanteEnQuestion.pdf,2017025516_2012,,,
1065,2012_06_01_CP_Vision_StimTranscran.pdf,2017025516_2012,,,
1066,2012_06_04_CP_Glaucome_Chimiokines.pdf,2017025516_2012,,,
1067,2012_06_08_CP_Oestrog_RisqCardVasc.pdf,2017025516_2012,,,
1068,2012_06_12_CP_RetinoblastomeVsFIV.pdf,2017025516_2012,,,
1069,2012_06_16_CP_ProtocBCGCancVessie.pdf,2017025516_2012,,,
1070,2012_06_18_CP_CancSeinVsTravailNuit.pdf,2017025516_2012,,,
1071,2012_06_19_CP_ADNTumoralDansSang.pdf,2017025516_2012,,,
1072,2012_06_19_CP_AnxieteVsNeurobio.pdf,2017025516_2012,,,
1073,2012_06_20_CP_Progeria_MecanMolecul.pdf,2017025516_2012,,,
1074,2012_06_25_CP_Poisson_PerturbEndocr.pdf,2017025516_2012,,,
1075,2012_06_29_CP_ResRouteVsEpidemAnim.pdf,2017025516_2012,,,
1076,2012_07_03_CP_INCa_Label6nvxSites.pdf,2017025516_2012,,,
1077,2012_07_04_CP_AVIESAN_Pointdes3ans.pdf,2017025516_2012,,,
1078,2012_07_05_CP_ProteinCpeFaim_Fncnmt.pdf,2017025516_2012,,,
1079,2012_07_09_CP_AnevrismeAorte.pdf,2017025516_2012,,,
1080,2012_07_12_CP_InfinimentPetit_Coeur.pdf,2017025516_2012,,,
1081,2012_07_16_CP_VIH_HyperactSystImmun.pdf,2017025516_2012,,,
1082,2012_07_24_CP_FeteScience2012.pdf,2017025516_2012,,,
1083,2012_07_25_CP_Ecrireaveclesyeux.pdf,2017025516_2012,,,
1084,2012_08_03_CP_Tubercul_ProtISG15.pdf,2017025516_2012,,,
1085,2012_08_14_CP_Schizophr_DvlpmtCereb.pdf,2017025516_2012,,,
1086,2012_08_22_CP_IrradiatPancr_Diabete.pdf,2017025516_2012,,,
1087,2012_08_28_CP_MolecAntiMetastCanc.pdf,2017025516_2012,,,
1088,2012_09_11_CP_PointContracepFrance.pdf,2017025516_2012,,,
1089,2012_09_14_CP_StressTravail_Infarct.pdf,2017025516_2012,,,
1090,2012_09_17_CP_BisphenA_Substituts.pdf,2017025516_2012,,,
1091,2012_09_17_CP_ChlordeconeVsNouriss.pdf,2017025516_2012,,,
1092,2012_09_28_CP_DemenceVsBenzodiazep.pdf,2017025516_2012,,,
1093,2012_10_01_CP_MelanomeVsBRAF_CRAF.pdf,2017025516_2012,,,
1094,2012_10_05_CP_FeteSciences2.pdf,2017025516_2012,,,
1095,2012_10_05_CP_SallePresseInsermWeb.pdf,2017025516_2012,,,
1096,2012_10_08_CP_TrtmntVaissSanguins.pdf,2017025516_2012,,,
1097,2012_10_11_CP_ResistAntibio_2Tests.pdf,2017025516_2012,,,
1098,2012_10_15_CP_ExpoAmazingScience.pdf,2017025516_2012,,,
1099,2012_10_15_CP_TestEvaluationCancer.pdf,2017025516_2012,,,
1100,2012_10_17_CP_InfertiliteVsOvulat.pdf,2017025516_2012,,,
1101,2012_10_18_CP_Eu_SoinsIntensifsBebe.pdf,2017025516_2012,,,
1102,2012_10_19_CP_TIMEtTAM_CellVsDengue.pdf,2017025516_2012,,,
1103,2012_10_25_CP_ExpCol_DependPsychotr.pdf,2017025516_2012,,,
1104,2012_10_26_CP_Inserm_MuseeVirtuel.pdf,2017025516_2012,,,
1105,2012_10_26_CP_MolecTtrtmntAntiCanc.pdf,2017025516_2012,,,
1106,2012_10_29_CP_HOIL1_GeneMaladieRare.pdf,2017025516_2012,,,
1107,2012_10_31_CP_BacterCtreInflaIntest.pdf,2017025516_2012,,,
1108,2012_11_05_CP_ScleroseLaterAmyotrop.pdf,2017025516_2012,,,
1109,2012_11_12_CP_SystSonoreAveuglesNes.pdf,2017025516_2012,,,
1110,2012_11_15_CP_2eSaisonGrippeNet.pdf,2017025516_2012,,,
1111,2012_11_15_CP_MutGeneTREM2_Alzheim.pdf,2017025516_2012,,,
1112,2012_11_16_CP_ActionVaccVsModeAdmin.pdf,2017025516_2012,,,
1113,2012_11_21_CP_PrixInserm2012.pdf,2017025516_2012,,,
1114,2012_11_22_CP_CancEnfanceVsAgeMenop.pdf,2017025516_2012,,,
1115,2012_11_22_CP_ProjetEuMetacardis.pdf,2017025516_2012,,,
1116,2012_11_29_CP_BacterIntestVsObesite.pdf,2017025516_2012,,,
1117,2012_11_29_CP_ComaVsReseauxCerebr.pdf,2017025516_2012,,,
1118,2012_12_03_CP_EfficacChimio_Immun.pdf,2017025516_2012,,,
1119,2012_12_06_CP_DiagnPrenatMalGenet.pdf,2017025516_2012,,,
1120,2012_12_10_CP_ObesiteEtInflammation.pdf,2017025516_2012,,,
1121,2012_12_10_CP_Obesite_Inflammation.pdf,2017025516_2012,,,
1122,2012_12_11_CP_AutismeVsDiuretique.pdf,2017025516_2012,,,
1123,2012_12_14_CP_ParfumeursVsCerveau.pdf,2017025516_2012,,,
1124,2012_12_18_CP_Diab1_RoleCellImmunit.pdf,2017025516_2012,,,
1125,2012_12_19_CP_MaladieAutoimmVsVirus.pdf,2017025516_2012,,,
1126,2012_12_24_CP_Cancer_CodeGenetCell.pdf,2017025516_2012,,,
1127,2013_01_04_CP_ReceptCB1_ActivPhys.pdf,2017025517_2013,,,
1128,2013_01_07_CP_ObesiteVsAlzheimer.pdf,2017025517_2013,,,
1129,2013_01_09_CP_NouvEssaiClinFractOs.pdf,2017025517_2013,,,
1130,2013_01_10_CP_Parkinson_TherapGen.pdf,2017025517_2013,,,
1131,2013_01_11_CP_TrbleCmprtmt_Aliment.pdf,2017025517_2013,,,
1132,2013_01_17_CP_Bisphen_PreuvesDanger.pdf,2017025517_2013,,,
1133,2013_01_18_CP_InaugurTherAImage.pdf,2017025517_2013,,,
1134,2013_01_21_CP_CD98hcVSVlsmntPeau.pdf,2017025517_2013,,,
1135,2013_01_22_CP_Labellisation8DHU_IDF.pdf,2017025517_2013,,,
1136,2013_01_22_CP_ProjFr_InterfCervOrdi.pdf,2017025517_2013,,,
1137,2013_01_28_CP_HumanBrainProject.pdf,2017025517_2013,,,
1138,2013_01_29_CP_FBettenc_PrixRechFr.pdf,2017025517_2013,,,
1139,2013_01_30_CP_6eRencontreAssocMal.pdf,2017025517_2013,,,
1140,2013_01_31_CP_1eEtape_RestaurVision.pdf,2017025517_2013,,,
1141,2013_01_31_CP_OrigineEnergieNeurone.pdf,2017025517_2013,,,
1142,2013_02_07_CP_BoissonLightVsDiab2.pdf,2017025517_2013,,,
1143,2013_02_08_CP_Papillomav16_ProtE6.pdf,2017025517_2013,,,
1144,2013_02_08_CP_SyndrUsher_CollaboEu.pdf,2017025517_2013,,,
1145,2013_02_12_CP_AntecedAVCEtPrblmCard.pdf,2017025517_2013,,,
1146,2013_02_13_CP_AdminisVaccinVsSucces.pdf,2017025517_2013,,,
1147,2013_02_13_CP_RobotiCubVsLangage.pdf,2017025517_2013,,,
1148,2013_02_18_CP_CoeurVsProjEuHOMAGE.pdf,2017025517_2013,,,
1149,2013_02_19_CP_VIHHomme_MecanismeCle.pdf,2017025517_2013,,,
1150,2013_02_20_CP_LipolyseVsObesite.pdf,2017025517_2013,,,
1151,2013_02_21_CP_CollabIns_ToulouseIII.pdf,2017025517_2013,,,
1152,2013_02_21_CP_COMBACTE_ResistAntib.pdf,2017025517_2013,,,
1153,2013_02_26_CP_Foetus6mois_Parole.pdf,2017025517_2013,,,
1154,2013_02_26_CP_Thrombolyse_TrtmntHDL.pdf,2017025517_2013,,,
1155,2013_02_27_CP_Inserm_RnvlmntASyrota.pdf,2017025517_2013,,,
1156,2013_02_28_CP_GrippeNet_Bilan.pdf,2017025517_2013,,,
1157,2013_02_28_CP_HypertensionMasquee.pdf,2017025517_2013,,,
1158,2013_03_05_CP_DMLA_7facteursGenet.pdf,2017025517_2013,,,
1159,2013_03_07_CP_Epidem_ProjConstances.pdf,2017025517_2013,,,
1160,2013_03_11_CP_ConfCitoyennes2013.pdf,2017025517_2013,,,
1161,2013_03_13_CP_GrossExtraUteVsFertil.pdf,2017025517_2013,,,
1162,2013_03_13_CP_PuceBiocompat_Cerveau.pdf,2017025517_2013,,,
1163,2013_03_19_CP_HepC_RoleSignauxProt.pdf,2017025517_2013,,,
1164,2013_03_21_CP_SiteHorizonHealthEu.pdf,2017025517_2013,,,
1165,2013_03_22_CP_VIH_CaractCellImmun.pdf,2017025517_2013,,,
1166,2013_03_26_CP_Chneiweiss_ComitEthiq.pdf,2017025517_2013,,,
1167,2013_04_02_CP_ProductNvxNeurones.pdf,2017025517_2013,,,
1168,2013_04_04_CP_IShare_SanteEtudiants.pdf,2017025517_2013,,,
1169,2013_04_05_CP_VirusCMVVsFoetus.pdf,2017025517_2013,,,
1170,2013_04_10_CP_ForumAdos_AdoVsAdulte.pdf,2017025517_2013,,,
1171,2013_04_11_CP_Legionel_TactiqueDvlpt.pdf,2017025517_2013,,,
1172,2013_04_15_CP_CelSouchesVsUrgences.pdf,2017025517_2013,,,
1173,2013_04_17_CP_EsperanceVieEu.pdf,2017025517_2013,,,
1174,2013_04_17_CP_FoieVsCirrhose.pdf,2017025517_2013,,,
1175,2013_04_18_CP_EspaceVsReactionCorps.pdf,2017025517_2013,,,
1176,2013_04_19_CP_BebesVsConscience.pdf,2017025517_2013,,,
1177,2013_04_25_CP_BIOMARGIN_vieGrefRein.pdf,2017025517_2013,,,
1178,2013_05_02_CP_ExpCol_HandicapsRares.pdf,2017025517_2013,,,
1179,2013_05_13_CP_MolecCholestAntiCanc.pdf,2017025517_2013,,,
1180,2013_05_16_CP_Chikungun_ReplicVirus.pdf,2017025517_2013,,,
1181,2013_05_16_CP_TransportVesiculaire.pdf,2017025517_2013,,,
1182,2013_05_22_CP_ApprCherch_Addictions.pdf,2017025517_2013,,,
1183,2013_05_22_CP_DetecCanc_NouvMethode.pdf,2017025517_2013,,,
1184,2013_05_23_CP_Pestic_Femmeenceinte.pdf,2017025517_2013,,,
1185,2013_05_27_CP_France_SantePerinatEu.pdf,2017025517_2013,,,
1186,2013_05_29_CP_Medecins_EffSecMedic.pdf,2017025517_2013,,,
1187,2013_06_06_CP_TocVsOptogenetique.pdf,2017025517_2013,,,
1188,2013_06_10_CP_EmailDentVsBisphenBib.pdf,2017025517_2013,,,
1189,2013_06_10_CP_Web_RencInternatRech.pdf,2017025517_2013,,,
1190,2013_06_11_CP_GeneChromos3VsCancers.pdf,2017025517_2013,,,
1191,2013_06_12_CP_ExpCol_PesticVsSante.pdf,2017025517_2013,,,
1192,2013_06_25_CP_PolluAlimentVsSante.pdf,2017025517_2013,,,
1193,2013_06_27_CP_Diab1_AutoprodInsul.pdf,2017025517_2013,,,
1194,2013_06_27_CP_EnqueteANRSVESPA2.pdf,2017025517_2013,,,
1195,2013_06_27_CP_StressVsPblmCardiaque.pdf,2017025517_2013,,,
1196,2013_07_05_CP_Web_RechEpidemio.pdf,2017025517_2013,,,
1197,2013_07_11_CP_Prostate_Surtraitmnt.pdf,2017025517_2013,,,
1198,2013_07_15_CP_BoostRespiratMuscle.pdf,2017025517_2013,,,
1199,2013_07_18_CP_Pandoravirus_VirGeant.pdf,2017025517_2013,,,
1200,2013_07_19_CP_FeteScience2013.pdf,2017025517_2013,,,
1201,2013_07_24_CP_PreservatGenomeMale.pdf,2017025517_2013,,,
1202,2013_07_29_CP_StopEvolutionVIH.pdf,2017025517_2013,,,
1203,2013_08_01_CP_AlcoolAdosVsAddiction.pdf,2017025517_2013,,,
1204,2013_08_07_CP_GrossesseCafeVSFoetus.pdf,2017025517_2013,,,
1205,2013_08_12_CP_MemeGene_DivEpilepsie.pdf,2017025517_2013,,,
1206,2013_08_19_CP_TestosterVsFerFoie.pdf,2017025517_2013,,,
1207,2013_08_22_CP_MaladPrionsEtAlzheim.pdf,2017025517_2013,,,
1208,2013_08_28_CP_ObesiteVsInegalite.pdf,2017025517_2013,,,
1209,2013_09_03_CP_Angiopl_MolecAnticoag.pdf,2017025517_2013,,,
1210,2013_09_03_CP_CirconcisionReductVIH.pdf,2017025517_2013,,,
1211,2013_09_03_CP_LongeviteCyclisTourFr.pdf,2017025517_2013,,,
1212,2013_09_04_CP_FIBROTARGETSVsCoeur.pdf,2017025517_2013,,,
1213,2013_09_09_CP_Epilep_PrevMortSubite.pdf,2017025517_2013,,,
1214,2013_09_13_CP_JneeMondMalAlzheimer.pdf,2017025517_2013,,,
1215,2013_09_16_CP_Mucovisc_2MolecTherap.pdf,2017025517_2013,,,
1216,2013_09_18_CP_Nanisme_pisteCroissOs.pdf,2017025517_2013,,,
1217,2013_09_25_CP_DecouvAntalgNaturel.pdf,2017025517_2013,,,
1218,2013_09_30_CP_AucunLienDepressCanc.pdf,2017025517_2013,,,
1219,2013_10_02_CP_1eJrneeEu_ArretCoeur.pdf,2017025517_2013,,,
1220,2013_10_07_CP_ObservGenomeTpsEspace.pdf,2017025517_2013,,,
1221,2013_10_08_CP_EnzymeAKT2_InsuffRein.pdf,2017025517_2013,,,
1222,2013_10_08_CP_Palu_ToxoplVsNouvRech.pdf,2017025517_2013,,,
1223,2013_10_14_CP_FeteScience2013.pdf,2017025517_2013,,,
1224,2013_10_17_CP_Inflammt_5eRencIntrnl.pdf,2017025517_2013,,,
1225,2013_10_18_CP_CellTfhLymphBVsTumeur.pdf,2017025517_2013,,,
1226,2013_10_23_CP_HyppocampeVsTentation.pdf,2017025517_2013,,,
1227,2013_10_25_CP_AlzheimVsAssoc11Genes.pdf,2017025517_2013,,,
1228,2013_10_25_CP_Obesite_Immunogl_Cerv.pdf,2017025517_2013,,,
1229,2013_10_28_CP_DermatophytVsmutGene.pdf,2017025517_2013,,,
1230,2013_10_30_CP_ExercPersAgeeVsChutes.pdf,2017025517_2013,,,
1231,2013_10_31_CP_UrgencesCard_NvTrtmnt.pdf,2017025517_2013,,,
1232,2013_11_01_CP_LymphomeVsImmunother.pdf,2017025517_2013,,,
1233,2013_11_13_CP_3eSaisonGrippenet.pdf,2017025517_2013,,,
1234,2013_11_18_CP_SclPlaque_ArsepInserm.pdf,2017025517_2013,,,
1235,2013_11_21_CP_OriginePeurAnxiete.pdf,2017025517_2013,,,
1236,2013_11_22_CP_Dehaene_PrixInserm.pdf,2017025517_2013,,,
1237,2013_11_22_CP_FloreIntestinVsChimio.pdf,2017025517_2013,,,
1238,2013_11_28_CP_EmbryonVsGeneEtMecan.pdf,2017025517_2013,,,
1239,2013_11_28_CP_Hemor_DiminMortMatern.pdf,2017025517_2013,,,
1240,2013_12_02_CP_LabInternal_Nez_HTAP.pdf,2017025517_2013,,,
1241,2013_12_09_CP_EUCelLEXVsMedecRegen.pdf,2017025517_2013,,,
1242,2013_12_17_CP_EchapEffetIndesMorph.pdf,2017025517_2013,,,
1243,2014_01_02_CP_PreneloneVsCannabis.pdf,2017025518_2014,,,
1244,2014_01_08_CP_Coquel_SuccesVacNasal.pdf,2017025518_2014,,,
1245,2014_01_09_CP_FibresVsDiabEtObesite.pdf,2017025518_2014,,,
1246,2014_01_12_CP_AntiCancVsVllsmntCell.pdf,2017025518_2014,,,
1247,2014_01_13_CP_FameLab_EchangeScient.pdf,2017025518_2014,,,
1248,2014_01_15_CP_AlcoolHomme_DeclinMem.pdf,2017025518_2014,,,
1249,2014_01_15_CP_ChlordeconeVsPremat.pdf,2017025518_2014,,,
1250,2014_01_16_CP_50ans_Inserm.pdf,2017025518_2014,,,
1251,2014_01_23_CP_Myopathie_TherapieGen.pdf,2017025518_2014,,,
1252,2014_01_29_CP_Eu_CellSoucheDiabete.pdf,2017025518_2014,,,
1253,2014_01_30_CP_RechEu_Bourse19ProjFR.pdf,2017025518_2014,,,
1254,2014_02_04_CP_McnsmeSatiete_Souris.pdf,2017025518_2014,,,
1255,2014_02_06_CP_Autisme_origFoetale.pdf,2017025518_2014,,,
1256,2014_02_06_CP_ExpCol_AdosVsAddictions.pdf,2017025518_2014,,,
1257,2014_02_10_CP_FaimVsOdeurs.pdf,2017025518_2014,,,
1258,2014_02_10_CP_KClement_ConfAAAS_USA.pdf,2017025518_2014,,,
1259,2014_02_12_CP_Cerveau_SouvenirReves.pdf,2017025518_2014,,,
1260,2014_02_13_CP_Paludisme_NouvConcept.pdf,2017025518_2014,,,
1261,2014_02_20_CP_ReparCellTumVSChimio.pdf,2017025518_2014,,,
1262,2014_02_23_CP_LeaderPourMigratCell.pdf,2017025518_2014,,,
1263,2014_02_27_CP_Palmares2013FBettencS.pdf,2017025518_2014,,,
1264,2014_03_03_CP_EuVsMaladParasitaires.pdf,2017025518_2014,,,
1265,2014_03_11_CP_ADNnonCodantVsGlobRge.pdf,2017025518_2014,,,
1266,2014_03_11_CP_LumiereImpactCerveau.pdf,2017025518_2014,,,
1267,2014_03_18_CP_BB_EspaceTempsNombres.pdf,2017025518_2014,,,
1268,2014_03_20_CP_InhibBRD4VsStopCancOs.pdf,2017025518_2014,,,
1269,2014_03_21_CP_ProjLabex_MedIndivid.pdf,2017025518_2014,,,
1270,2014_03_26_CP_Inserm_50ans.pdf,2017025518_2014,,,
1271,2014_03_26_CP_RibavirineVsHepatiteE.pdf,2017025518_2014,,,
1272,2014_03_31_CP_HabEAT_EnfantVsLegume.pdf,2017025518_2014,,,
1273,2014_04_03_CP_EuropeensVsRechBiomed.pdf,2017025518_2014,,,
1274,2014_04_07_CP_AtaxiedeFriedrich.pdf,2017025518_2014,,,
1275,2014_04_07_CP_ProtSec22VsCroissNeur.pdf,2017025518_2014,,,
1276,2014_04_08_CP_ProtElafineVsGluten.pdf,2017025518_2014,,,
1277,2014_04_09_CP_CafeineVsTau_Alzheim.pdf,2017025518_2014,,,
1278,2014_04_09_CP_DP8aVsInflammIntestin.pdf,2017025518_2014,,,
1279,2014_04_10_CP_TrbleAttentionVsNeuro.pdf,2017025518_2014,,,
1280,2014_04_17_CP_ReparatOrganesVsNanoP.pdf,2017025518_2014,,,
1281,2014_04_18_CP_IPasteurInserm_Ebola.pdf,2017025518_2014,,,
1282,2014_04_20_CP_Surrenale_2TypesCanc.pdf,2017025518_2014,,,
1283,2014_04_23_CP_Famelab_Finale30avril.pdf,2017025518_2014,,,
1284,2014_04_30_CP_CancSein_DissemCelTum.pdf,2017025518_2014,,,
1285,2014_05_07_CP_HDL_VectrTherapPoumon.pdf,2017025518_2014,,,
1286,2014_05_07_CP_LoiHerediteParamecie.pdf,2017025518_2014,,,
1287,2014_05_12_CP_TrbleLongPostExpoSolv.pdf,2017025518_2014,,,
1288,2014_05_13_CP_Pilule_NouveauModele.pdf,2017025518_2014,,,
1289,2014_05_14_CP_ExpCol_NutritVsDifSoc.pdf,2017025518_2014,,,
1290,2014_05_20_CP_THM_risqueCancSein.pdf,2017025518_2014,,,
1291,2014_05_22_CP_Alcoolisat_5MFrancais.pdf,2017025518_2014,,,
1292,2014_05_22_CP_CongrApprentiCherch1.pdf,2017025518_2014,,,
1293,2014_05_28_CP_Meningite_FcnmtBacter.pdf,2017025518_2014,,,
1294,2014_06_02_CP_CerveauEtNouvSituat.pdf,2017025518_2014,,,
1295,2014_06_09_CP_VaccinsVsImmunite.pdf,2017025518_2014,,,
1296,2014_06_10_CP_Canc_EnquetePostDiagn.pdf,2017025518_2014,,,
1297,2014_06_11_CP_CriseEpilepVsCerveau.pdf,2017025518_2014,,,
1298,2014_06_11_CP_YLevi_NouvPDGInserm.pdf,2017025518_2014,,,
1299,2014_06_17_CP_ComiteEth_Embry_Genre.pdf,2017025518_2014,,,
1300,2014_06_19_CP_BlessureCutan_Douleur.pdf,2017025518_2014,,,
1301,2014_06_20_CP_CellSouche_GlobRouge.pdf,2017025518_2014,,,
1302,2014_06_24_CP_HuntingVsStressNeuron.pdf,2017025518_2014,,,
1303,2014_06_30_CP_Alzheim_DiagnostFiable.pdf,2017025518_2014,,,
1304,2014_06_30_CP_Alzheim_SimplifDiagn.pdf,2017025518_2014,,,
1305,2014_07_03_CP_Vivant_Impress3DLaser.pdf,2017025518_2014,,,
1306,2014_07_11_CP_EtudeEpidem_ImplMamm.pdf,2017025518_2014,,,
1307,2014_07_11_CP_Odeurs_Cerv_Ultrasons.pdf,2017025518_2014,,,
1308,2014_07_16_CP_Accident_StressPostTr.pdf,2017025518_2014,,,
1309,2014_07_17_CP_Cancer_FlashRadiother.pdf,2017025518_2014,,,
1310,2014_07_18_CP_TraumaCranien_IRM.pdf,2017025518_2014,,,
1311,2014_07_23_CP_VIH_AfriqueSud_Depist.pdf,2017025518_2014,,,
1312,2014_07_24_CP_Educ_InjectDrogues.pdf,2017025518_2014,,,
1313,2014_07_25_CP_CirconcisVsVIH_Femme.pdf,2017025518_2014,,,
1314,2014_07_27_CP_ResistTherapieMelanome.pdf,2017025518_2014,,,
1315,2014_07_29_CP_HorlogeBiol_Lumieres.pdf,2017025518_2014,,,
1316,2014_07_30_CP_Antiphospholipides.pdf,2017025518_2014,,,
1317,2014_07_30_CP_CerveauVsToucher.pdf,2017025518_2014,,,
1318,2014_08_07_CP_Omega3VsSante.pdf,2017025518_2014,,,
1319,2014_08_14_CP_CelluleVsIdentites.pdf,2017025518_2014,,,
1320,2014_09_02_CP_PhenolVsFoetus.pdf,2017025518_2014,,,
1321,2014_09_08_CP_BenabidPrixLasker2014.pdf,2017025518_2014,,,
1322,2014_09_10_CP_BenzodiazepVsAlzheim.pdf,2017025518_2014,,,
1323,2014_09_10_CP_VerPlatVsBacteries.pdf,2017025518_2014,,,
1324,2014_09_18_CP_Alzheim_EtudeInsight.pdf,2017025518_2014,,,
1325,2014_09_24_CP_50ansInserm.pdf,2017025518_2014,,,
1326,2014_09_26_CP_Sigaux_Giorgi_DirITMO.pdf,2017025518_2014,,,
1327,2014_10_01_CP_2typesDeRespiration.pdf,2017025518_2014,,,
1328,2014_10_03_CP_Mucoviscidose.pdf,2017025518_2014,,,
1329,2014_10_07_CP_Anor_BoulimVsProtBact.pdf,2017025518_2014,,,
1330,2014_10_08_CP_CancColonVsMetastases.pdf,2017025518_2014,,,
1331,2014_10_09_CP_Allerg_Interleukine33.pdf,2017025518_2014,,,
1332,2014_10_13_CP_DepressionsVsCerveau.pdf,2017025518_2014,,,
1333,2014_10_13_CP_LaboMetiers3D_Inserm.pdf,2017025518_2014,,,
1334,2014_10_13_CP_SallePres_DigPRAward.pdf,2017025518_2014,,,
1335,2014_10_14_CP_PapillomHum_MalAutoIm.pdf,2017025518_2014,,,
1336,2014_10_21_CP_Ebola_PointRechFrance.pdf,2017025518_2014,,,
1337,2014_10_21_CP_Elfe_1ersResultats.pdf,2017025518_2014,,,
1338,2014_10_31_CP_CancPoum_prediagnost.pdf,2017025518_2014,,,
1339,2014_11_07_CP_Autisme_NouvMolecule.pdf,2017025518_2014,,,
1340,2014_11_10_CP_CellSoucheVsNeurones.pdf,2017025518_2014,,,
1341,2014_11_14_CP_GreffePeauSansRejet.pdf,2017025518_2014,,,
1342,2014_11_17_CP_AccidVie_MieuxCompris.pdf,2017025518_2014,,,
1343,2014_11_19_CP_4eSaisonGrippenet.fr.pdf,2017025518_2014,,,
1344,2014_11_27_CP_ExpCol_PersonnesAgees.pdf,2017025518_2014,,,
1345,2014_11_27_CP_Palu_Sequence16Genome.pdf,2017025518_2014,,,
1346,2014_12_11_CP_ProcesDiabVsGeneRfx6.pdf,2017025518_2014,,,
1347,2014_12_15_CP_VMVoynar_NouvDirDPRE.pdf,2017025518_2014,,,
1348,2014_12_17_CP_ProteineEtNoyauCellul.pdf,2017025518_2014,,,
1349,2014_12_19_CP_GroupeSangO_Diabete2.pdf,2017025518_2014,,,
1350,2015_01_07_CP_Triheptanoine_Hunting.pdf,2017025519_2015,,,
1351,2015_01_14_CP_DangerBisphenol_F_S.pdf,2017025519_2015,,,
1352,2015_01_16_CP_BaseBiolBonneSante.pdf,2017025519_2015,,,
1353,2015_01_16_CP_CoeurVsImplCellSouche.pdf,2017025519_2015,,,
1354,2015_01_16_CP_Inserm_PrgrmVaccEbola.pdf,2017025519_2015,,,
1355,2015_01_16_CP_MOOC_LaboCellSouche.pdf,2017025519_2015,,,
1356,2015_01_18_CP_InaugPlatefTherAImage.pdf,2017025519_2015,,,
1357,2015_01_19_CP_Tuberc_ResistAntibio.pdf,2017025519_2015,,,
1358,2015_01_23_CP_CerveauVsAttention.pdf,2017025519_2015,,,
1359,2015_01_28_CP_1erResultatsEpipage2.pdf,2017025519_2015,,,
1360,2015_01_30_CP_BourseERC_Frce1erpays.pdf,2017025519_2015,,,
1361,2015_02_02_CP_NouvOutilTrtmntMyopat.pdf,2017025519_2015,,,
1362,2015_02_02_CP_Osteoporose.pdf,2017025519_2015,,,
1363,2015_02_10_CP_LncmntCollecChocSante.pdf,2017025519_2015,,,
1364,2015_02_11_CP_StageBiolPourAssocMal.pdf,2017025519_2015,,,
1365,2015_02_12_CP_AllergieVsImmunite.pdf,2017025519_2015,,,
1366,2015_02_16_CP_RetardCroissIntraUter.pdf,2017025519_2015,,,
1367,2015_02_18_CP_AsthmeVsGallopamil.pdf,2017025519_2015,,,
1368,2015_02_24_CP_EbolaGuinee_TestClin.pdf,2017025519_2015,,,
1369,2015_02_26_CP_Alzheim_ActivCelSouch.pdf,2017025519_2015,,,
1370,2015_02_26_CP_Inserm_n°1BrevEuBiom.pdf,2017025519_2015,,,
1371,2015_03_02_CP_30ansRevueMedSciences.pdf,2017025519_2015,,,
1372,2015_03_09_CP_CortexCerebrReparable.pdf,2017025519_2015,,,
1373,2015_03_12_CP_AdolescentAujourd'hui.pdf,2017025519_2015,,,
1374,2015_03_12_CP_MaisonRetraite_Poumon.pdf,2017025519_2015,,,
1375,2015_03_16_CP_AntihypertensVsPeau.pdf,2017025519_2015,,,
1376,2015_03_18_CP_MANASLU2015_ExpdSctfq.pdf,2017025519_2015,,,
1377,2015_03_23_CP_CancEnfVsFertilFemme.pdf,2017025519_2015,,,
1378,2015_03_23_CP_HepC_NouvExperimentat.pdf,2017025519_2015,,,
1379,2015_03_26_CP_GrippeVsPatrimGenet.pdf,2017025519_2015,,,
1380,2015_03_26_CP_MyasthenieVsClLithium.pdf,2017025519_2015,,,
1381,2015_03_30_CP_CohorteConstances.pdf,2017025519_2015,,,
1382,2015_04_01_CP_GrippeVsAntiplaquet.pdf,2017025519_2015,,,
1383,2015_04_02_CP_CancFoieVsNouvGenes.pdf,2017025519_2015,,,
1384,2015_04_09_CP_PrixFondBettencourt.pdf,2017025519_2015,,,
1385,2015_04_16_CP_EpilepsieVsMicroPompe.pdf,2017025519_2015,,,
1386,2015_04_20_CP_Cecite_ProtSlit2.pdf,2017025519_2015,,,
1387,2015_04_20_CP_DentVsReparation.pdf,2017025519_2015,,,
1388,2015_04_20_CP_Diabete2_RegulSucre.pdf,2017025519_2015,,,
1389,2015_04_21_CP_Intest_BacterProtect.pdf,2017025519_2015,,,
1390,2015_04_21_CP_Ribosome_StructTridim.pdf,2017025519_2015,,,
1391,2015_04_21_CP_SyndrWiskottAldrich.pdf,2017025519_2015,,,
1392,2015_05_05_CP_Diab2_ObesiteVsIFR5.pdf,2017025519_2015,,,
1393,2015_05_11_CP_DvlpmtTumeur_Explic.pdf,2017025519_2015,,,
1394,2015_05_15_CP_FameLab_10finalistes.pdf,2017025519_2015,,,
1395,2015_05_18_CP_CongrApprentiCherch2.pdf,2017025519_2015,,,
1396,2015_05_27_CP_BacterieDetectMaladie.pdf,2017025519_2015,,,
1397,2015_06_01_CP_AccesTrtmntVIH.pdf,2017025519_2015,,,
1398,2015_06_09_CP_InsecticVsDvlptCognEnf.pdf,2017025519_2015,,,
1399,2015_06_16_CP_FestivalAvignon2015.pdf,2017025519_2015,,,
1400,2015_06_16_CP_SitagliptineVsTumeur.pdf,2017025519_2015,,,
1401,2015_06_17_CP_PisteTherapMaladRein.pdf,2017025519_2015,,,
1402,2015_06_18_CP_Autisme_3Approches.pdf,2017025519_2015,,,
1403,2015_06_18_CP_IntestinGreleEtObesite.pdf,2017025519_2015,,,
1404,2015_06_25_CP_Incertitude_Psychose.pdf,2017025519_2015,,,
1405,2015_07_06_CP_ClimateChangeVsHealth.pdf,2017025519_2015,,,
1406,2015_07_07_CP_MedecinGener_Vaccins.pdf,2017025519_2015,,,
1407,2015_07_08_CP_MedecinGenVsVaccin.pdf,2017025519_2015,,,
1408,2015_07_17_CP_DiabEtVIH_Trblecognit.pdf,2017025519_2015,,,
1409,2015_07_24_CP_Paludisme_Foie.pdf,2017025519_2015,,,
1410,2015_08_03_CP_DecouvCellTotipotente.pdf,2017025519_2015,,,
1411,2015_08_03_CP_GlutamateVsAddiction.pdf,2017025519_2015,,,
1412,2015_08_03_CP_Langage_SpecifCervHum.pdf,2017025519_2015,,,
1413,2015_08_05_CP_BacteriesVsDiabete1.pdf,2017025519_2015,,,
1414,2015_08_25_CP_CancFoie_NouvVirus.pdf,2017025519_2015,,,
1415,2015_08_25_CP_InfoNutrit_5Couleurs.pdf,2017025519_2015,,,
1416,2015_08_27_CP_Nourriture_Budget.pdf,2017025519_2015,,,
1417,2015_09_03_CP_MolecChimVsSanteHum.pdf,2017025519_2015,,,
1418,2015_09_03_CP_RobotHumEspace.pdf,2017025519_2015,,,
1419,2015_09_07_CP_IdentificNouvSarcome.pdf,2017025519_2015,,,
1420,2015_09_09_CP_Muscle_CellSouchEmbry.pdf,2017025519_2015,,,
1421,2015_09_14_CP_CholestCerebr_Alzheim.pdf,2017025519_2015,,,
1422,2015_09_15_CP_Intestins_RegulatFer.pdf,2017025519_2015,,,
1423,2015_09_16_CP_LeucemEnf_LieuHabitat.pdf,2017025519_2015,,,
1424,2015_09_18_CP_Palu_ResistanceTrtmnt.pdf,2017025519_2015,,,
1425,2015_09_21_CP_FilmAntibact_Implant.pdf,2017025519_2015,,,
1426,2015_09_21_CP_TabacVsCmprtmtEnfant.pdf,2017025519_2015,,,
1427,2015_09_23_CP_AccCadreSupelecInserm.pdf,2017025519_2015,,,
1428,2015_09_24_CP_ProjEuENSaT_HypertArt.pdf,2017025519_2015,,,
1429,2015_09_25_CP_CannabinoidCervSurvie.pdf,2017025519_2015,,,
1430,2015_10_06_CP_DiagnostPalpationCerv.pdf,2017025519_2015,,,
1431,2015_10_06_CP_Ebola_AccInsermJapon.pdf,2017025519_2015,,,
1432,2015_10_07_CP_Ebola_TesteZYSCREEN.pdf,2017025519_2015,,,
1433,2015_10_07_CP_TLindl_NobelChim2015.pdf,2017025519_2015,,,
1434,2015_10_09_CP_Inserm_JourMondRhumat.pdf,2017025519_2015,,,
1435,2015_10_13_CP_InhibMEKVsCancOvaire.pdf,2017025519_2015,,,
1436,2015_10_25_CP_Ultrason_ImagerieBiom.pdf,2017025519_2015,,,
1437,2015_10_26_CP_Chirurgie_Diab2_Poids.pdf,2017025519_2015,,,
1438,2015_11_03_CP_DiabeteBebe_NouvMedic.pdf,2017025519_2015,,,
1439,2015_11_06_CP_FloreIntestVsCancer.pdf,2017025519_2015,,,
1440,2015_11_09_CP_CellGlial_SanteIntest.pdf,2017025519_2015,,,
1441,2015_11_12_CP_Insermdans Espace.pdf,2017025519_2015,,,
1442,2015_11_12_CP_NouvIndicSortieComa.pdf,2017025519_2015,,,
1443,2015_11_19_CP_Mouvmnt_CircuitNeuron.pdf,2017025519_2015,,,
1444,2015_11_20_CP_Autisme_ConnexionCerv.pdf,2017025519_2015,,,
1445,2015_11_20_CP_Piazza_GrdPrixInserm.pdf,2017025519_2015,,,
1446,2015_11_25_CP_BacterIntest_Cerveau.pdf,2017025519_2015,,,
1447,2015_11_25_CP_Eu_AnomTubeneuralBebe.pdf,2017025519_2015,,,
1448,2015_12_02_CP_Benzodiazep_Demences.pdf,2017025519_2015,,,
1449,2015_12_02_CP_InsermACOP21.pdf,2017025519_2015,,,
1450,2015_12_09_CP_SensibHepat_BactIntes.pdf,2017025519_2015,,,
1451,2015_12_16_CP_NouvDisquesVsMalDos.pdf,2017025519_2015,,,
1452,2015_12_21_CP_Lymphoide_AideIntest.pdf,2017025519_2015,,,
1453,2016_01_04_CP_BacterAntalg_Intest.pdf,2017025520_2016,,,
1454,2016_01_04_CP_DivisEmbryon_Symetrie.pdf,2017025520_2016,,,
1455,2016_01_13_CP_SignesarretCoeur.pdf,2017025520_2016,,,
1456,2016_01_15_CP_MasqueOxygeneVsAVC.pdf,2017025520_2016,,,
1457,2016_01_25_CP_Canc_testRadiosensib.pdf,2017025520_2016,,,
1458,2016_01_26_CP_Eu_NouvconceptVaccVIH.pdf,2017025520_2016,,,
1459,2016_01_28_CP_CancProst_TroubleErec.pdf,2017025520_2016,,,
1460,2016_02_01_CP_Listeria.pdf,2017025520_2016,,,
1461,2016_02_04_CP_CancSeinEtMenopause.pdf,2017025520_2016,,,
1462,2016_02_10_CP_EtudepourdiminDemence.pdf,2017025520_2016,,,
1463,2016_02_10_CP_ValidScientOdorologie.pdf,2017025520_2016,,,
1464,2016_02_11_CP_MICI_Gene_FloreIntest.pdf,2017025520_2016,,,
1465,2016_02_19_CP_FloreIntestCroissance.pdf,2017025520_2016,,,
1466,2016_02_22_CP_Zika.pdf,2017025520_2016,,,
1467,2016_02_24_CP_ImmuniteVsMetastase.pdf,2017025520_2016,,,
1468,2016_02_25_CP_SelVsDiabete.pdf,2017025520_2016,,,
1469,2016_03_01_DP_ExpCol_DeficitIntellect.pdf,2017025520_2016,,,
1470,2016_03_09_CP_Radiotherapie_CellATM.pdf,2017025520_2016,,,
1471,2016_03_11_CP_Inserm_Top10Reuters.pdf,2017025520_2016,,,
1472,2016_03_16_CP_GeneTrail_radiosensib.pdf,2017025520_2016,,,
1473,2016_03_21_CP_DatesConferCitoyennes.pdf,2017025520_2016,,,
1474,2016_03_23_CP_SillonTempSup_regard.pdf,2017025520_2016,,,
1475,2016_03_29_CP_DassaultInserm_Accord.pdf,2017025520_2016,,,
